label,f0,f1,f2,f3,f4,f5,f6,f7,f8,f9,f10,f11,f12,f13,f14,f15,f16,f17,f18,f19,f20,f21,f22,f23,f24,f25,f26,f27,f28,f29,f30,f31,f32,f33,f34,f35,f36,f37,f38,f39,f40,f41,f42,f43,f44,f45,f46,f47,f48,f49,f50,f51,f52,f53,f54,f55,f56,f57,f58,f59,f60,f61,f62
alice,0.0,0.0,8.063254313128709e-07,0.3786766548897822,0.0590966008710448,-0.0366432778537273,0.6586382886709582,-0.1471312118451876,-0.0594645477831363,0.8927381781058773,-0.4125241233760999,-0.075966902077198,1.0926557494915556,-0.621820117059919,-0.0938359498977661,0.5789743898626345,-0.76322727189989,-0.063139371573925,0.7338919737237093,-1.246275824228007,-0.0871617048978805,0.8434581229186076,-1.561764311655889,-0.0998101532459259,0.9252285969473352,-1.800043629467057,-0.1091712713241577,0.3544526205769149,-0.9350692486381972,-0.0620519667863845,0.5093960228936676,-1.489549169037421,-0.085206501185894,0.6260727855451313,-1.878153283588941,-0.0989935621619224,0.7203470322771586,-2.184007271790939,-0.1089807674288749,0.0943456426655851,-0.9923345833315248,-0.0629950836300849,0.2065768887751413,-1.5847952962081762,-0.0931130722165107,0.2813521420369653,-1.9926220413726956,-0.1167226433753967,0.3409034638722943,-2.3106964578996108,-0.1315252929925918,-0.1621485956262602,-0.9531268873021436,-0.0644505769014358,-0.1951242960530086,-1.4399513887731368,-0.1022195816040039,-0.224793785158039,-1.7628372589331482,-0.1256349831819534,-0.2438828447809501,-2.0318974449848235,-0.138750821352005
alice,0.0,0.0,7.05928528077493e-07,0.326178756073674,0.0064053513231366,-0.0401237271726131,0.593285845216205,-0.1918854438728628,-0.0562566816806793,0.7685547431823638,-0.4394912725054357,-0.0689487978816032,0.9268839735038568,-0.6178127651433988,-0.0814840570092201,0.4859571894963269,-0.8076755385542135,-0.0288225654512643,0.6394008359910305,-1.1485632848246925,-0.0502821989357471,0.7299958299721923,-1.3654669663912395,-0.0679304525256156,0.7977679815099373,-1.543613048581166,-0.0807149335741996,0.3170740533346408,-0.9483970565166028,-0.0272767897695302,0.4484544251741229,-1.355127702696407,-0.0448338836431503,0.5378207561190831,-1.6083238112277067,-0.0609975978732109,0.6108230985001141,-1.8143723717746043,-0.0727970376610755,0.1299522327368853,-0.9959022711966108,-0.0313604995608329,0.2037844966613133,-1.4166122506629846,-0.0537567026913166,0.2614261287299887,-1.6805198237437318,-0.0718619748950004,0.3146849746175829,-1.88468062873938,-0.083321988582611,-0.0747194795439173,-0.9569853753308548,-0.038912858814001,-0.1232102787167058,-1.3084083858027982,-0.064580887556076,-0.1408499030336329,-1.550677123799376,-0.0793386474251747,-0.1421201674669972,-1.762420336357882,-0.0873235017061233
alice,0.0,0.0,7.664422128073056e-07,0.3405208278949161,-0.0125533176486354,-0.0514149852097034,0.6205356053049634,-0.1924156198741036,-0.0736613050103187,0.7838047515653969,-0.4476851966658974,-0.090931087732315,0.9346201115442152,-0.6579514935545506,-0.1071555614471435,0.4878347514123385,-0.8219253664900286,-0.035650584846735,0.6232904551579347,-1.1892859120087778,-0.0603739097714424,0.7002073225759953,-1.4233075690571075,-0.0807647779583931,0.7593311844131465,-1.6220907638820232,-0.0957251489162445,0.3135403271053077,-0.949571304020724,-0.0302367694675922,0.4354500347821066,-1.378542677927116,-0.0521043874323368,0.518574740456046,-1.6437473500937425,-0.0723567306995391,0.589613986719809,-1.857740701389808,-0.0868080407381057,0.1268350913635222,-0.9877342856575906,-0.0316464006900787,0.1986985627562169,-1.4131367708370546,-0.0586848556995391,0.2576872159949919,-1.6726361773377934,-0.08060934394598,0.3167164115421256,-1.879259038330024,-0.0941799879074096,-0.0740239710051279,-0.9515229093893394,-0.0373633950948715,-0.1141903508095379,-1.3054619237259522,-0.0667595267295837,-0.1383184974945724,-1.5387225509685043,-0.0840668007731437,-0.1480482460775686,-1.7522338035402998,-0.0938134416937828
alice,0.0,0.0,6.954799118830124e-07,0.3306243716893949,-0.0180701860662535,-0.0478306300938129,0.6142161798941521,-0.1841371224575799,-0.0664552301168441,0.793294296945694,-0.42734415194591,-0.0812999606132507,0.9381409534995344,-0.6308654929073353,-0.0951908230781555,0.5038041465762889,-0.811827394083388,-0.0271777473390102,0.6463920542202103,-1.162829494867784,-0.0496395304799079,0.7306430379437666,-1.3806448830227749,-0.0691960304975509,0.799023369292929,-1.5633976549713176,-0.0834532156586647,0.3392349266706789,-0.9406982133360188,-0.0225278604775667,0.4584972976455859,-1.3507053571129617,-0.0413099117577075,0.535030045183679,-1.6073591107732856,-0.0612139217555522,0.5997179960278032,-1.8192733323535568,-0.0758894979953765,0.1596227039351944,-0.9802829048544902,-0.0247161071747541,0.2286814780623189,-1.3840324220269486,-0.0482665933668613,0.2774672210540044,-1.6297345743301812,-0.0701894089579582,0.3270099059449609,-1.824776938862293,-0.0846241787075996,-0.036047263993585,-0.9472655511139054,-0.0313762128353118,-0.0769009921753992,-1.2694791217895156,-0.0584803521633148,-0.1039669243206744,-1.4843870232591057,-0.0754772052168846,-0.1181010514680997,-1.6832861684411309,-0.085340991616249
alice,0.0,0.0,6.971896482355078e-07,0.3262882361328016,-0.0172639612354211,-0.0516505017876625,0.6044683875378847,-0.1857082106405507,-0.0711896196007728,0.7745335641891613,-0.4234375851556149,-0.0865126103162765,0.9177144807883756,-0.6273162955429757,-0.1006407365202903,0.5034122715348519,-0.8083447772757691,-0.0274669602513313,0.6480644799019869,-1.1267629484268913,-0.0518662594258785,0.7344663442445716,-1.3350988838502298,-0.0735902339220047,0.8055779133182669,-1.512316116535245,-0.0898036658763885,0.3508139737091966,-0.9364418435834984,-0.0227606296539306,0.4686623093221254,-1.3252624861543634,-0.0439973846077919,0.5485604142686472,-1.5728136846865834,-0.065137393772602,0.6177690507718457,-1.780120829784126,-0.0805703848600387,0.1798049425029535,-0.9714162590135644,-0.0258090794086456,0.2518035566324375,-1.3566518694475926,-0.0535196997225284,0.3060389914111768,-1.5984175031836492,-0.0772439539432525,0.3592455430381412,-1.7974888489420606,-0.0923773273825645,-0.0105718579278686,-0.9289273949275542,-0.0336602181196212,-0.0438537772819412,-1.24052211401077,-0.0654107928276062,-0.0637338530848897,-1.454825135432302,-0.0844775065779686,-0.0744209080527577,-1.6572290730775276,-0.0955040454864502
alice,0.0,0.0,6.684356890218623e-07,0.3268484011969684,-0.011031340713739,-0.0509949512779712,0.5952487071932718,-0.1811357488670007,-0.0714305788278579,0.7699474101451341,-0.4231887705034273,-0.0880353525280952,0.930783035598182,-0.6012625325987163,-0.1031967774033546,0.4960404484733302,-0.8094544390511721,-0.0292186774313449,0.6544747881766781,-1.1332426376321163,-0.0537152253091335,0.7456637365953386,-1.3415295738506716,-0.0747690498828888,0.8153924847913573,-1.5187558150428668,-0.0905773192644119,0.3384025934301164,-0.9409980781333608,-0.0247513316571712,0.4692424300449971,-1.3414433709600797,-0.0465209260582923,0.5525072857343377,-1.587452992591172,-0.0666244775056839,0.6188012525228592,-1.79348860604072,-0.0812302753329277,0.1654837266310702,-0.9741559542676091,-0.0277621150016784,0.2383409448738979,-1.3731309150018516,-0.0552817918360233,0.2946900278595213,-1.623863102835193,-0.0779555514454841,0.3464292281600101,-1.830236954641945,-0.0925859212875366,-0.0216400243353695,-0.9274326729255892,-0.0354744903743267,-0.0624994432526376,-1.249115473892189,-0.0666491240262985,-0.0860043797962443,-1.4725540236277574,-0.085037000477314,-0.098768699100266,-1.680254536042665,-0.0957303866744041
alice,0.0,0.0,6.733709483341954e-07,0.3336219701944746,-0.0140682800600446,-0.049666378647089,0.5970462698860731,-0.1898665001193155,-0.0705402866005897,0.7720242744003776,-0.4284124274176543,-0.0876861736178398,0.937246642343753,-0.6022694519479538,-0.1037909761071205,0.495717887109241,-0.8088952774399691,-0.0329824313521385,0.6575115404475782,-1.1344137541643138,-0.0591643489897251,0.7516839782813818,-1.3438097044663513,-0.0808927714824676,0.8239334056958041,-1.52127398149533,-0.097114160656929,0.335103305328804,-0.9421780547909402,-0.029402682557702,0.4652434222281277,-1.3483412220145303,-0.0529906079173088,0.5479798778680379,-1.5972712055388234,-0.0736576244235038,0.612774282429958,-1.8003847395162609,-0.0885649025440216,0.1579172588299576,-0.975584645016374,-0.0328728109598159,0.2341369642318612,-1.3825268015066825,-0.0617750473320484,0.28958387237751,-1.6367836886610854,-0.0853212922811508,0.341980785501483,-1.8446824691901025,-0.1005609929561615,-0.0313820051790966,-0.9276709022597254,-0.0406614020466804,-0.070119715358552,-1.2473443359932492,-0.0727908387780189,-0.0952584691773844,-1.4697365894247898,-0.0917459204792976,-0.109259194358754,-1.6769361160570644,-0.1028115451335907
alice,0.0,0.0,7.022235877229832e-07,0.3342888994400461,-0.0118658297097018,-0.0497355759143829,0.6007478756198094,-0.1913588837384507,-0.0698104947805404,0.7785126297391182,-0.4279035174805574,-0.0862005427479744,0.9425451081312088,-0.591878711286499,-0.1015898287296295,0.4971830539015877,-0.8086104302083001,-0.0317128412425518,0.6644111280656997,-1.1216204083291348,-0.0580578669905662,0.7653178344697221,-1.322336941039054,-0.0809673592448234,0.8456094576525427,-1.499910823285704,-0.098244734108448,0.337567567071724,-0.9412980171649012,-0.0283211302012205,0.4647938699864465,-1.342820785457583,-0.0514563620090484,0.54529713300684,-1.5957106825124692,-0.0729413405060768,0.6107651262086393,-1.811478049502492,-0.0887934267520904,0.1613294195440639,-0.9738513186564368,-0.0320316441357135,0.2320020213189358,-1.3681913182057992,-0.0597531124949455,0.2866658837003024,-1.6205266046854612,-0.0830185264348983,0.3392479763303643,-1.8317619504539329,-0.0984090715646743,-0.0298948177877151,-0.9247990432825356,-0.0403349176049232,-0.0709995475639858,-1.2360148718490809,-0.0707669481635093,-0.0958110490615194,-1.4552339574954984,-0.0886215940117836,-0.109075009482359,-1.6639446370901725,-0.099298782646656
alice,0.0,0.0,7.246163704621722e-07,0.3364858109075073,0.0037170150712175,-0.0515810586512088,0.6203573571566067,-0.1501110679283859,-0.0729494467377662,0.8051707306733462,-0.3859777085286024,-0.0908808186650276,0.9792614733198092,-0.5376583274432889,-0.1082401946187019,0.5180516772597239,-0.7934887231517465,-0.0317751802504062,0.6960617417506653,-1.1024103291743237,-0.0591880157589912,0.8021619752522671,-1.3045778305848468,-0.0833972170948982,0.890305623189713,-1.4823154875180429,-0.1018312722444534,0.3575002410362543,-0.9339097057171328,-0.0281862784177064,0.4877530769205771,-1.33213013507135,-0.0524395816028118,0.5760910360510907,-1.5840868581199206,-0.075901061296463,0.6514804319742816,-1.7986714955705057,-0.0935458689928054,0.179871175238706,-0.9724221841831412,-0.031862087547779,0.2565367029494791,-1.3682233926977347,-0.0609642416238784,0.3115102215960616,-1.630768309303101,-0.0858463123440742,0.3654727642075162,-1.8491352280725275,-0.1024906635284423,-0.0164582510246927,-0.9290245921628044,-0.0402970127761364,-0.0516745050701172,-1.240550897891115,-0.0723436698317527,-0.0748373290024083,-1.4617315171136511,-0.091301329433918,-0.0905911322233338,-1.6692859941934213,-0.1026882007718086
alice,0.0,0.0,7.431726771756075e-07,0.3441364274407945,0.005034418400222,-0.0485244393348693,0.6477611077492871,-0.1242046182476876,-0.0699403285980224,0.8556797262444276,-0.3194351455618416,-0.0884551554918289,1.037063376345399,-0.4465184422420874,-0.106620118021965,0.5412321928440585,-0.7803069956898935,-0.0312158018350601,0.7351746958473642,-1.085162282129716,-0.0592561736702919,0.8493440186073957,-1.2849840845675111,-0.0837354287505149,0.944782507914213,-1.4636795026729412,-0.1021781340241432,0.3836894046745032,-0.9234587604334368,-0.0292536877095699,0.5264292934669462,-1.3239207164913724,-0.0544894747436046,0.6254339633690049,-1.5766333792170275,-0.0789576396346092,0.7074371671653263,-1.7936665178391629,-0.0972639769315719,0.2056513583999299,-0.9647584441678436,-0.0340803489089012,0.2841689186514898,-1.3586100138718762,-0.0633695423603057,0.3467418483985485,-1.6214747981831183,-0.0885553881525993,0.4048101987880706,-1.840273782699125,-0.1053612828254699,0.0106317434085616,-0.9253931656364882,-0.0433749072253704,-0.0150195914176383,-1.2423371581027858,-0.0743134170770645,-0.0327579241605291,-1.4651673536184506,-0.0922892093658447,-0.0448309017747929,-1.6762452984797032,-0.1031262353062629
alice,0.0,0.0,7.637734142917907e-07,0.3540190009474622,0.0274168133211423,-0.0463312268257141,0.6609616023645732,-0.0770181493946855,-0.0671861097216606,0.8744135267542242,-0.2552484254413777,-0.0857947245240211,1.0589532342565893,-0.3705294050135504,-0.1038641855120658,0.566260215163937,-0.7554384977576852,-0.026338804513216,0.7661966451050076,-1.0504504997141435,-0.0526750385761261,0.8886634614638851,-1.248183990498505,-0.0754956975579261,0.990275341908296,-1.4155004155727666,-0.0925959646701812,0.4084013542155054,-0.9127989544551576,-0.0246003381907939,0.5610647515555459,-1.3036215411278824,-0.0477983988821506,0.6670029411814261,-1.551655984825811,-0.070094384253025,0.7561488001406085,-1.7561669720075002,-0.0864547118544578,0.228155326826113,-0.9687089587313094,-0.0296484567224979,0.3246127685143364,-1.3726480493132749,-0.0571260899305343,0.3966369531095945,-1.6326213928489297,-0.0806507766246795,0.4646700874318575,-1.840441368284068,-0.0961754843592643,0.0347467141237255,-0.9363514175119714,-0.0390226989984512,0.0062332969625132,-1.2516882761297707,-0.0690533593297004,-0.0084566531386912,-1.4767753256375744,-0.0865478068590164,-0.0156501224560386,-1.6814435429505004,-0.0965923517942428
alice,0.0,0.0,7.765696636852226e-07,0.3338293348967506,0.0331947952279552,-0.0499074161052703,0.6307039567470767,-0.0878739131124829,-0.0724226161837577,0.854338864730714,-0.2687658809521659,-0.0915546119213104,1.0465413381178228,-0.3826063290466466,-0.1096518412232399,0.5515678139776112,-0.7543436918423666,-0.0315377824008464,0.7535652083277736,-1.0493929302554028,-0.0579214133322238,0.8772899862454332,-1.2425680809233637,-0.0800960287451744,0.97650762475783,-1.405818408814571,-0.0966756865382194,0.4034323291407689,-0.9150060033970212,-0.0285596754401922,0.5690900522848581,-1.3046574089316194,-0.0513546839356422,0.6765446955924801,-1.5498382386697285,-0.0721904560923576,0.766037079918184,-1.755323242961822,-0.0872336030006408,0.2317608635576878,-0.9743620019425546,-0.0326014347374439,0.3310908800853587,-1.3692207617254617,-0.0596329420804977,0.4062258339934268,-1.6277611924263278,-0.0824358165264129,0.4782098374360647,-1.8425846769082883,-0.0976264402270317,0.0409999419408348,-0.9426005009786652,-0.0412438847124576,0.0152284549498744,-1.2520234000801245,-0.0700579136610031,0.006430414303057,-1.4735527388992005,-0.0864904001355171,0.0098908788798121,-1.6781895929003403,-0.0962687581777572
alice,0.0,0.0,8.076378890109481e-07,0.3486983553996154,0.0207540785254948,-0.0513102896511554,0.6519377159254816,-0.1022825496294086,-0.0729016885161399,0.863335676085682,-0.288222513370751,-0.0915827676653862,1.051189875703581,-0.3898041018110724,-0.109508216381073,0.5600273902273759,-0.7679150681828502,-0.0238996390253305,0.7561084419906886,-1.059037732938839,-0.0485534034669399,0.8763793703677439,-1.2478287505683383,-0.0715021267533302,0.9731314646240926,-1.4070493843071732,-0.0892288610339164,0.4068879535932752,-0.9134746066138358,-0.021217830479145,0.5607209867919011,-1.30429700939801,-0.0434730984270572,0.6664371509959794,-1.549573375562895,-0.0664231851696968,0.7544400712725889,-1.7486724127044388,-0.0832482129335403,0.2309357426137902,-0.9601534854535074,-0.026492329314351,0.3292706646414021,-1.3608808361823477,-0.0554258674383163,0.4023209421821556,-1.6216073349140832,-0.0808381289243698,0.4735818047908534,-1.8393441596204263,-0.0973133295774459,0.0326898689022833,-0.924682148923352,-0.0365517176687717,0.0186016253698344,-1.2445386517543655,-0.0682610943913459,0.0120085868580367,-1.467032268581697,-0.0868431627750396,0.0147630508625145,-1.6762273562334655,-0.0979192033410072
alice,0.0,0.0,7.937311465866514e-07,0.3389764840384502,0.010187692902795,-0.0533235520124435,0.644153640866383,-0.1240794944274524,-0.0767811611294746,0.8601373781791886,-0.308148897892212,-0.096763975918293,1.0606391172866856,-0.3965323578458565,-0.1160724312067031,0.5544550121449563,-0.7737165634144139,-0.0309879016131162,0.7446456845232884,-1.0662294819857103,-0.0588125102221965,0.865644045167521,-1.2538698303284284,-0.0839297920465469,0.9656824585685084,-1.4180717967352177,-0.1031515449285507,0.399212762860729,-0.9168548578755428,-0.0284518357366323,0.5447481559774013,-1.3070503732459766,-0.0534496381878852,0.6509828450439809,-1.5469204547341031,-0.0776145681738853,0.7416986937978368,-1.7486180508615223,-0.0956364497542381,0.2212094596153611,-0.9610033219928876,-0.0337521061301231,0.313165848252748,-1.3514822381895926,-0.0646251663565635,0.3874472830911404,-1.6022967872536005,-0.0897137448191642,0.4593073412698722,-1.8163640737122184,-0.1061019226908683,0.0214755478131746,-0.9234986234458172,-0.0440676212310791,0.0093594067545465,-1.2461991146306894,-0.0765502676367759,0.0060798923929369,-1.4697257538685855,-0.0947141796350479,0.0105870991339531,-1.686174835338128,-0.1057856231927871
alice,0.0,0.0,7.924073202048021e-07,0.3472573689246919,0.0209212875576616,-0.057831160724163,0.6503586022568356,-0.1101831013544517,-0.0839049741625785,0.8538199845662694,-0.3072967614932698,-0.1056476384401321,1.0595880034043723,-0.4130685382899334,-0.1265976577997207,0.5530240414394645,-0.7793786903216892,-0.0364572219550609,0.7389739885231615,-1.0807168170868096,-0.0648774057626724,0.8548293424002105,-1.2785876879329878,-0.08955979347229,0.951438234942532,-1.452358409506684,-0.1085609495639801,0.3911913611677353,-0.920305854251912,-0.031776126474142,0.5301090413614841,-1.3211909357299492,-0.0575583167374134,0.6306218868979626,-1.5642311466407035,-0.0809620842337608,0.7187277859497097,-1.7693132137420018,-0.0982278883457183,0.2095709975824849,-0.9578684675001068,-0.0351595394313335,0.299155928978555,-1.3556253667201152,-0.067508116364479,0.3741174810243567,-1.613440899185561,-0.0924752354621887,0.4473359290211859,-1.8357120532409337,-0.1084575429558754,0.0088430362974357,-0.9147632334328354,-0.0438210479915142,-0.0112357413532939,-1.24774390126482,-0.0786972343921661,-0.0217111946887584,-1.4773452088581425,-0.0982587188482284,-0.0253805027596288,-1.7009259508501204,-0.1098909080028534
alice,0.0,0.0,7.97912321104377e-07,0.3484780078896988,0.009222482202576,-0.0604008994996547,0.6532137021817855,-0.1296779365107406,-0.0878475233912468,0.840430344317886,-0.3484772281241403,-0.1106536760926246,1.0189046448940986,-0.5094838054814765,-0.1331361681222915,0.5114885827325555,-0.8077260020845863,-0.0405652113258838,0.684796741541864,-1.1369358080806746,-0.0703589618206024,0.7902551598034756,-1.3388535652338516,-0.0968698784708976,0.8822846505568147,-1.5255795398922227,-0.1169603243470192,0.3457351825374351,-0.938328643077094,-0.0345648899674415,0.4734691635106651,-1.3543343483388013,-0.0610151439905166,0.5649976548926242,-1.6118878907423468,-0.0879618301987648,0.6452493717079593,-1.828480348354304,-0.108490265905857,0.165351625991068,-0.9720160747383586,-0.0361962541937828,0.2450820695305002,-1.372300244278908,-0.0665664598345756,0.3055661446119618,-1.642744091131145,-0.0918051674962043,0.3631871155037505,-1.8683431333566487,-0.1088839620351791,-0.0337016623827083,-0.9294764520441432,-0.0433860830962657,-0.0683398232012571,-1.2728000146503162,-0.0755020007491111,-0.0832434823221717,-1.5149624469881475,-0.094050794839859,-0.0898547246104924,-1.74071227637854,-0.105394959449768
alice,0.0,0.0,6.767970717191929e-07,0.320298290898993,-0.0751488996220259,-0.0506908260285854,0.5864559323347709,-0.2721767737802192,-0.070244088768959,0.7230230490670997,-0.5275625662438801,-0.0862493589520454,0.870016956865822,-0.7044003727003357,-0.1019959226250648,0.3909262859225186,-0.871629190527751,-0.0321951955556869,0.5351164082273785,-1.201974727797828,-0.0611088573932647,0.6198188135993307,-1.4023044982978208,-0.0868975445628166,0.6898712687569775,-1.5965978455561145,-0.1066131815314292,0.225085300112396,-0.9743357901722328,-0.0302347969263792,0.3198223161997435,-1.3893845878586315,-0.0565160997211933,0.3827359109080877,-1.6482287497837855,-0.082332968711853,0.4345128377131536,-1.873697394788691,-0.1015965342521667,0.0558734443813012,-0.979667656853127,-0.035561092197895,0.0844251809862416,-1.391805978509285,-0.0663836598396301,0.1137424673170407,-1.6613174839835667,-0.0908955559134483,0.1471653916973542,-1.8884106182863696,-0.1067946255207061,-0.1281186133231152,-0.9048256231549684,-0.0457183234393596,-0.196040392915878,-1.2383564857177474,-0.0775592029094696,-0.2297099500944453,-1.4697667390442224,-0.0958190262317657,-0.2454877988375911,-1.6907520063979735,-0.1067157089710235
alice,0.0,0.0,7.02342106251308e-07,0.3063628398340786,-0.1203815483521883,-0.0469580553472042,0.5546914964816899,-0.3458485112121647,-0.0639491900801658,0.681062768625714,-0.6169200515977004,-0.0776720717549324,0.8058393458802899,-0.8342866207033642,-0.09053885191679,0.326268426432487,-0.906784795917807,-0.0258411541581153,0.4371068875695921,-1.2637979629362237,-0.0507590472698211,0.4994947990221191,-1.48756254751249,-0.0723628550767898,0.5429966272551824,-1.6870698916854745,-0.0885774344205856,0.1526099058604555,-0.9882833038662744,-0.0240307264029979,0.1972226080583123,-1.4194014105809334,-0.046261228621006,0.2289145287627674,-1.6831644356228463,-0.0683669000864029,0.2511263504372237,-1.8971501044647237,-0.0845237970352172,-0.0165916348546965,-0.9738599524187952,-0.0293393917381763,-0.0337310217560347,-1.3788872779233292,-0.0574261844158172,-0.0359241986974772,-1.6396933471328037,-0.0803141444921493,-0.0335753428734378,-1.846358996800848,-0.0948310643434524,-0.1903932932485222,-0.8758750413739463,-0.0391799807548522,-0.2973485516338975,-1.1742607293068648,-0.069506287574768,-0.3669536078441983,-1.3798760415592537,-0.0868502259254455,-0.4205867273321024,-1.5707478752857766,-0.096552237868309
alice,0.0,0.0,6.733491773047717e-07,0.2952374753887412,-0.140025840725674,-0.0477329716086387,0.4950962444110362,-0.3985418949378702,-0.0657143518328666,0.6109949364329202,-0.670254673484342,-0.0806202664971351,0.7310635458406233,-0.8756551609525401,-0.0955622568726539,0.2658366131197491,-0.9369410559042002,-0.0349801965057849,0.3372222664094321,-1.3056439248216678,-0.0630879327654838,0.3792419092470152,-1.531141516808787,-0.0864234641194343,0.4097678142575598,-1.738586147205727,-0.1048127710819244,0.0761462810158235,-0.9970935213134512,-0.0345938019454479,0.0711044159009638,-1.4133800231300129,-0.0615874864161014,0.0817377611468083,-1.6707837079886172,-0.086079828441143,0.0921363691553487,-1.8917171097629888,-0.104352556169033,-0.101253939926407,-0.9480907485227724,-0.041186973452568,-0.1609194117659278,-1.339585214700981,-0.0753761604428291,-0.180696606425514,-1.6044197914917386,-0.1030763462185859,-0.1879829658229078,-1.830630727485036,-0.1208090409636497,-0.2645406660140776,-0.8133142996398168,-0.0519543401896953,-0.3962244354878851,-1.0982492424831618,-0.0894081965088844,-0.484509492503283,-1.2906921226281691,-0.1121843382716178,-0.5529552925327573,-1.478481726097998,-0.1258535683155059
alice,0.0,0.0,7.231456038425677e-07,0.2942345150745475,-0.1438144789167043,-0.0551412068307399,0.5053305669624605,-0.4045234481141944,-0.0787386074662208,0.6095062644169861,-0.6850445573556454,-0.0972442105412483,0.7278588678792903,-0.9052226386733976,-0.1147204264998436,0.2597469842827312,-0.9396910457779128,-0.0424713678658008,0.3338915138881363,-1.2903328251692814,-0.0721255466341972,0.3719801890758551,-1.5248582942759186,-0.0960967317223548,0.3971949067327663,-1.7311001017649656,-0.1144359558820724,0.076485595211983,-0.9970676363302102,-0.0382244624197483,0.082513000788222,-1.4109632319929684,-0.0657229274511337,0.0961777363839692,-1.6712098792524346,-0.0883039981126785,0.1065773062986255,-1.900004586519973,-0.1042882949113845,-0.0928164990984272,-0.9495630375703898,-0.0412100702524185,-0.1414120543703024,-1.3346956105627823,-0.0751488730311393,-0.1571263779500664,-1.5939445632733826,-0.1005357056856155,-0.1638668886053823,-1.8280107013504363,-0.116400696337223,-0.2494938782480683,-0.8189217882957172,-0.0489021874964237,-0.3875756920203027,-1.080733858906202,-0.0862030908465385,-0.4772694108061227,-1.2668986043703347,-0.1076845899224281,-0.5481689860208073,-1.4594143173238106,-0.1200593337416648
alice,0.0,0.0,7.365585474872205e-07,0.2912943856254467,-0.1459710614937847,-0.0546938888728618,0.5000818782897918,-0.4117862814749515,-0.0779404044151306,0.6020489882612454,-0.6905260879788313,-0.096498817205429,0.7195777729239881,-0.9031224486794288,-0.1141331940889358,0.2544940886274671,-0.94593873209779,-0.0408232137560844,0.3271921948963222,-1.299724154223939,-0.0703800097107887,0.3701409700478448,-1.531742043630693,-0.0942284315824508,0.4022290136419993,-1.734349640725095,-0.1124435290694236,0.0745375511170564,-0.9972151871684124,-0.0371767580509185,0.0841184268943321,-1.415521210894709,-0.0646130442619323,0.0994814537499258,-1.6775923724814543,-0.0874019041657447,0.1119834311400343,-1.9050705349824435,-0.1037158891558647,-0.0917942403051535,-0.9479016025104204,-0.0410060249269008,-0.1397290492034162,-1.3314911118224846,-0.075313463807106,-0.155253830871447,-1.5982427503404677,-0.1022229567170143,-0.1618173779776586,-1.8353406564510213,-0.1192854717373848,-0.2482104258193567,-0.818156020834435,-0.0495418086647987,-0.3868913900116663,-1.0804858824042234,-0.0872867181897163,-0.4802615728054714,-1.266010663269291,-0.1097645983099937,-0.5563253820112439,-1.457339407876063,-0.1231927648186683
alice,0.0,0.0,6.972719575060182e-07,0.302223147815232,-0.1426092959771815,-0.0550778657197952,0.5218733430934984,-0.4120379759507367,-0.0779534354805946,0.630559534441831,-0.6977718769264588,-0.0958825051784515,0.7478849457176442,-0.9159871841486316,-0.1126973256468772,0.2621475102089478,-0.9459996251189468,-0.0424409881234169,0.3391999627016147,-1.3109124076824137,-0.0716599002480506,0.3814336631418321,-1.5484777520406086,-0.0947579070925712,0.4095886076433414,-1.7528060312891374,-0.1121464073657989,0.072623912436867,-0.997356312461145,-0.0382465682923793,0.0771377260495821,-1.4293251026548948,-0.0654425621032714,0.0855288274340383,-1.6943838337585304,-0.0879192650318145,0.0899202322311815,-1.9234576739959013,-0.1041705161333084,-0.1002797774004302,-0.9464501995906476,-0.0412688478827476,-0.1452431485819033,-1.3346938273261326,-0.0748789757490158,-0.1605130752495215,-1.5990303005718958,-0.10020761936903,-0.1678206523091736,-1.833897883003681,-0.1163542568683624,-0.2633437239976753,-0.8165018262074636,-0.0490441173315048,-0.4047542388102222,-1.0851798238041743,-0.0857064798474311,-0.4982249685369663,-1.2764695928163647,-0.106710709631443,-0.5750131188491943,-1.470926953545969,-0.1191391050815582
alice,0.0,0.0,8.494854455420864e-07,0.3210522069165619,-0.1485416769713565,-0.0652246996760368,0.5331167482322208,-0.398648575461778,-0.0924312099814415,0.6455961567125659,-0.6827054658955733,-0.1138519346714019,0.7682970622741965,-0.9065518305509608,-0.1339422911405563,0.2824856470771646,-0.947568551126898,-0.0408686660230159,0.3608165543787605,-1.3068086765273887,-0.068991906940937,0.409226788726339,-1.5503725941707909,-0.0921759903430938,0.442835439399718,-1.752702631960143,-0.1098871007561683,0.0945026777741401,-0.9955215410120584,-0.0326433964073658,0.0962257597713948,-1.4172817043125143,-0.0579746812582016,0.1029047494666667,-1.6813767716863512,-0.0798697024583816,0.1090477096409341,-1.9171369655937176,-0.0958892107009887,-0.0805153276730891,-0.9431100992029562,-0.0337606966495513,-0.1269370125858211,-1.31888880957509,-0.0684617534279823,-0.1368800326875081,-1.5819301040463818,-0.0960990339517593,-0.1394931311144957,-1.818364064863551,-0.1136137172579765,-0.2522591134222617,-0.8158030879643983,-0.0408275760710239,-0.3951271744655935,-1.0778150820282486,-0.0802900046110153,-0.4914649709571371,-1.2672070848040018,-0.1046389788389206,-0.5702059062714906,-1.462718666968737,-0.1195934936404228
alice,0.0,0.0,7.065459044497402e-07,0.3016211995899578,-0.1230075694069128,-0.045974388718605,0.5195409080941337,-0.3948311159101917,-0.0629012361168861,0.6434610454000257,-0.6723408778945235,-0.0765950679779052,0.7766299498064122,-0.8499293574542908,-0.0898704305291175,0.3220200336403356,-0.9205722155152044,-0.0336998216807842,0.4252034136331811,-1.267749760612365,-0.0620925724506378,0.48514189576241,-1.4862264296857377,-0.08541851490736,0.5276109708400756,-1.6814282400908065,-0.1030630618333816,0.1313500718402706,-0.9913330840833918,-0.0327982269227504,0.1544821447983641,-1.3984345788585892,-0.0588740706443786,0.1819069812758785,-1.6595108524356996,-0.0806042850017547,0.2028281956652057,-1.884312289393728,-0.0956592783331871,-0.0472926232451592,-0.9531429404330484,-0.038567841053009,-0.0982928599870249,-1.330339627180244,-0.07060407102108,-0.1136824631652145,-1.5829090765716571,-0.095721423625946,-0.1170813058465237,-1.8058319753508387,-0.1110592931509018,-0.2086940532537706,-0.8246012210132836,-0.0484744012355804,-0.3388500566118726,-1.0893438744454638,-0.0835716947913169,-0.4312576240454848,-1.2681189373995867,-0.1032572537660598,-0.5051796947000297,-1.447765159521279,-0.1141326874494552
alice,0.0,0.0,7.823500709491782e-07,0.2961422496942827,-0.1281282549756964,-0.0510126799345016,0.5132516793345634,-0.3776913370954904,-0.0740455985069274,0.6513198313282159,-0.6467351929338255,-0.0934303328394889,0.7991507160311302,-0.8365030951869806,-0.1125272214412689,0.2971690904663839,-0.908570509035986,-0.0448745861649513,0.4211322926692361,-1.2571563320044157,-0.078202337026596,0.4904418191038014,-1.4840455875937917,-0.1038263514637947,0.5402857064592617,-1.6901704739858547,-0.1225191354751586,0.1136055001091659,-0.9935229317099428,-0.0434648692607879,0.1587232847051526,-1.418949722832848,-0.0730543434619903,0.1937457306334443,-1.6917121595806597,-0.0954971760511398,0.2168282814559304,-1.929755911516393,-0.1110873371362686,-0.0639369074892932,-0.9671337292525176,-0.0488135106861591,-0.1040303479016223,-1.3618923102129283,-0.0831122025847435,-0.1146575356045639,-1.6250678431508103,-0.1076389849185943,-0.1154057209564573,-1.851732215803623,-0.1227217689156532,-0.2255030116443104,-0.8544980034220495,-0.0587155818939209,-0.3541925836885086,-1.1309715427869096,-0.0945185124874115,-0.4391982891960098,-1.3243670400583418,-0.1137261316180229,-0.5075610994201949,-1.5119465624763122,-0.1244376897811889
alice,0.0,0.0,7.277533313754248e-07,0.2909137647167008,-0.1237185967852102,-0.0460136421024799,0.5206445819824294,-0.3611062420850066,-0.0674274563789367,0.6716246741622149,-0.6196144226609736,-0.0862841010093689,0.8160156059511167,-0.8011112298174566,-0.1051783710718154,0.3387885101674563,-0.8973223053610765,-0.0360306836664676,0.4614395273645457,-1.2397317277887698,-0.0675642341375351,0.5365601824636627,-1.4495212431867832,-0.0941102206707,0.5965836208403713,-1.6391028259852414,-0.1134670600295066,0.1602954373321523,-0.9870660887214964,-0.0365675054490566,0.2149598445530518,-1.398094796755588,-0.0630780160427093,0.2597145349439357,-1.6545478602079036,-0.0865209028124809,0.2949804117076428,-1.877314842788171,-0.1037132367491722,-0.0180959319049761,-0.9693126029579092,-0.0437556430697441,-0.0305345020994952,-1.3563425198599328,-0.0741499438881874,-0.0250651379493018,-1.610400309478855,-0.0990339517593383,-0.0106793180837417,-1.8272917299016709,-0.1155189499258995,-0.1928275565989279,-0.8655851472062733,-0.0552716515958309,-0.307977251003835,-1.1403598276909448,-0.0883354917168617,-0.3853590720748551,-1.3359170031988266,-0.1073251441121101,-0.4458837638997142,-1.527440904584778,-0.1184897720813751
alice,0.0,0.0,8.390857146878261e-07,0.3034340205775287,-0.0984465073791697,-0.056485541164875,0.5450034180303713,-0.324949173284991,-0.0818787366151809,0.7022041066658187,-0.5878629381908487,-0.1024070605635643,0.8529172468689082,-0.7764514538583184,-0.1221861094236373,0.3715395316974215,-0.8851586476752226,-0.0468347519636154,0.5070184157050354,-1.2186870921993636,-0.0799194648861885,0.5879461277059149,-1.4394029755878766,-0.1060923039913177,0.6485440494645395,-1.638227855334862,-0.1254298835992813,0.1949405286398995,-0.9808120494611464,-0.0437665991485118,0.2625038097955948,-1.3987155477656965,-0.0731726735830307,0.3064510504904603,-1.6696743732747596,-0.0970140770077705,0.3383289377907912,-1.912459536140583,-0.1141380742192268,0.0131612157797787,-0.9659915377288444,-0.0480669029057025,-0.0001958126085563,-1.3507199562947425,-0.0837777107954025,0.0004927921273838,-1.611632854739182,-0.1108070984482765,0.0089966288062619,-1.8415344820815545,-0.1278455108404159,-0.1694390647947032,-0.8642393046196275,-0.0571906976401805,-0.2855168143966807,-1.1385241244905866,-0.0953351706266403,-0.3677857810790306,-1.3295910532107285,-0.1163482889533042,-0.4332266721067014,-1.5251872280286924,-0.1284904778003692
alice,0.0,0.0,8.142656611198618e-07,0.3091736900122858,-0.093239289320172,-0.0575266480445861,0.5534095013404791,-0.3191578314112888,-0.0817700996994972,0.7062361364467978,-0.5792638614904808,-0.1008777692914009,0.8498637912993239,-0.7744788489056363,-0.119134820997715,0.3761488478609165,-0.8782013375913268,-0.0469467304646968,0.517464873229175,-1.21185289992822,-0.0796987563371658,0.597349406448553,-1.4353001841521065,-0.1056825667619705,0.6579636363598251,-1.6371280843091545,-0.1252793222665786,0.2011097478495213,-0.9795657116043044,-0.0434071980416774,0.2659269404594617,-1.402183872780033,-0.0738503038883209,0.3094738264554169,-1.670780729506402,-0.0992144644260406,0.3429818413210677,-1.9071636137639507,-0.1175357401371002,0.020093441975197,-0.9713079248546732,-0.0472658537328243,0.0135327154354266,-1.3528876460524335,-0.0843805745244026,0.0175454396930806,-1.6046602851698435,-0.1131700351834297,0.0279149696166651,-1.8289543891945568,-0.1316148936748504,-0.1638104711806017,-0.8785751486727484,-0.0558721870183944,-0.2745971297677144,-1.149111402544212,-0.0957350209355354,-0.3554762706040145,-1.3309972445661695,-0.118473395705223,-0.4202559242315878,-1.5194243419734923,-0.1319556832313537
alice,0.0,0.0,7.904816925474734e-07,0.2953472713139962,-0.1129259935679744,-0.0542879812419414,0.541461766600658,-0.3424545826238848,-0.0776911303400993,0.6930007901783167,-0.5904508410224761,-0.0964911580085754,0.8320598179561179,-0.7779679907606133,-0.1144574955105781,0.3560638975864026,-0.886659777805869,-0.045214470475912,0.4972275735399346,-1.2146891067108114,-0.0774768590927124,0.5744449237092131,-1.43461473764857,-0.1032078266143798,0.6301208984390743,-1.6313719931501125,-0.1223746016621589,0.1818248272118632,-0.9833279651959798,-0.0434539467096328,0.2445529062640382,-1.40305868947725,-0.0733121037483215,0.2863862291474723,-1.6694099117583583,-0.0982187464833259,0.3159049562842567,-1.8989709885551045,-0.1162182837724685,0.0028365368787875,-0.9758230357674904,-0.048760563135147,-0.0059564922795015,-1.3509078523742863,-0.0842540934681892,0.0026312457121679,-1.59733050215713,-0.1121543869376182,0.016435748415201,-1.8137408375985928,-0.1303686797618866,-0.1805893349766066,-0.8861004312330938,-0.0586318522691726,-0.2979219900990804,-1.151506373483942,-0.0965488478541374,-0.3787671670278166,-1.3326180381704418,-0.1181092038750648,-0.4416786319736351,-1.5179652158571737,-0.131006509065628
alice,0.0,0.0,8.23906646019168e-07,0.2909862478092364,-0.0967429684844513,-0.0564489513635635,0.5383911318471611,-0.311336589359129,-0.0820659771561622,0.6997816270462055,-0.5532774021454548,-0.1026240661740303,0.840428249383471,-0.7433472565580459,-0.1223084479570388,0.3665032632042205,-0.8793662583597142,-0.0502016767859458,0.5093234860748854,-1.2095524031528373,-0.0841404795646667,0.5956629621969521,-1.4264562503806562,-0.1110018715262413,0.6628451032872569,-1.62529314675807,-0.1308602839708328,0.1924766716363751,-0.981298560442886,-0.0477658882737159,0.2575833764898705,-1.3998375546825264,-0.077650673687458,0.3042392145618626,-1.6670447909779815,-0.1025482714176178,0.3400267003166476,-1.906470132737619,-0.1208768934011459,0.0116310268387991,-0.9712982147731756,-0.0524027608335018,0.0013679190359191,-1.3452304085867428,-0.0883801952004432,0.0055993858830515,-1.5973283851621756,-0.1168554797768592,0.0164315494034748,-1.823391144828204,-0.1356101483106613,-0.1702379567122758,-0.87488531608741,-0.0617217943072319,-0.2950774175094169,-1.1345373106349856,-0.1001738980412483,-0.388022747645379,-1.3038718586159543,-0.1217944547533989,-0.4642146753591267,-1.4779003732599574,-0.1347472518682479
fizalraja,0.0,0.0,1.0063766922030482e-06,0.28586350573784813,-0.10755089726125236,-0.07140558212995529,0.5142606536823872,-0.40057859883853936,-0.10056355595588684,0.6135424746849487,-0.7213992432050663,-0.12008720636367798,0.7144276624187645,-0.9838353377951498,-0.13852308690547943,0.2988233548159191,-0.9183599521338393,-0.07225942611694336,0.42344059626747066,-1.3072249538122223,-0.11721256375312805,0.49537368165399315,-1.571702298172746,-0.15074630081653595,0.5485707069186697,-1.797713368422448,-0.17398841679096222,0.09919884836428718,-0.9950651929100355,-0.06617496907711029,0.1423690494932398,-1.448376589438655,-0.10603290796279907,0.17922812625448964,-1.7499853097021523,-0.13713335990905762,0.21052666301082404,-2.0058938861275,-0.158062145113945,-0.090763465449961,-0.9615975866003441,-0.06788643449544907,-0.09825825087778597,-1.3857704091730048,-0.11426591873168945,-0.08601993128394289,-1.674336379995974,-0.1490318924188614,-0.06617834026048919,-1.9157078321820464,-0.16997721791267395,-0.26796360454648716,-0.8274650169721873,-0.07458274066448212,-0.397452778153512,-1.1239093409854575,-0.1243336871266365,-0.4830463182532214,-1.3196191000681905,-0.1511019468307495,-0.5492560984942414,-1.5042330034013345,-0.16518178582191467
fizalraja,0.0,0.0,1.150119260273641e-06,0.2770918234971546,-0.12503212441390588,-0.06935594975948334,0.48945094959648483,-0.41810914196227306,-0.09585753828287125,0.5738691242134976,-0.722509855199754,-0.1149374321103096,0.6847923078330405,-0.9506769747611818,-0.13189741969108582,0.2975031786451323,-0.921634283231221,-0.05297031253576279,0.4078569550473091,-1.2726462593424133,-0.0960523709654808,0.4732598520485841,-1.5048245437952774,-0.13133683800697327,0.5190593275965337,-1.7131431376764414,-0.1564715951681137,0.1146643285656611,-0.9934020499868487,-0.05039399489760399,0.1476302823326153,-1.4411731885751233,-0.08845014125108719,0.17447726787514353,-1.7366023828223462,-0.12173394113779068,0.19392056431168322,-1.9970822656776916,-0.14483481645584106,-0.061596638977791676,-0.9553851817900029,-0.05683748051524162,-0.06833956323235595,-1.3453761714789836,-0.10277822613716125,-0.060106878344444815,-1.597305710647558,-0.13592730462551117,-0.04702559465988363,-1.823869985435154,-0.15557801723480225,-0.23567575367323085,-0.8230395299496844,-0.06900636106729507,-0.3480205285206343,-1.1019544531711456,-0.11646528542041779,-0.4240907747469913,-1.2886434793803638,-0.13937337696552277,-0.48513209219354075,-1.4788896728711858,-0.15113581717014313
fizalraja,0.0,0.0,9.618065632821526e-07,0.27278458160367686,-0.1496261644726263,-0.06980826705694199,0.4829940100816594,-0.4302601905394648,-0.0980936735868454,0.5700507688149331,-0.7320116638827425,-0.11931945383548737,0.673205762959217,-0.9651190024329771,-0.13847622275352478,0.2991028323229935,-0.9243965745712134,-0.05332789197564125,0.41372353933211886,-1.2730626064970154,-0.09557242691516876,0.47305180663899393,-1.5022331145579269,-0.12977463006973267,0.5185370096115469,-1.7052338352837866,-0.15449118614196777,0.12135218796276209,-0.9926073306031418,-0.04960526153445244,0.16730305838374304,-1.413934662065345,-0.08589822798967361,0.19762116711001781,-1.675954389050996,-0.11677668988704681,0.22300117315339368,-1.9044658850038494,-0.13879869878292084,-0.048345141162613514,-0.9613992810771465,-0.05507233738899231,-0.0529085659179325,-1.3359288744275237,-0.09740907698869705,-0.044939524156963596,-1.5852040627986153,-0.12873801589012146,-0.030134838137086246,-1.8039768386162496,-0.14898818731307983,-0.21542966971062227,-0.8420012690479409,-0.06667530536651611,-0.3267074966335468,-1.1009059126363843,-0.11118210852146149,-0.4025415794513839,-1.2838505798151574,-0.13398727774620056,-0.463985207818882,-1.4690552613737156,-0.14674873650074005
fizalraja,0.0,0.0,9.50328853832616e-07,0.2700441944689514,-0.15668931353453094,-0.06753093749284744,0.48205819206734607,-0.4250114780829819,-0.09488249570131302,0.5687778625982555,-0.7196211459938244,-0.11606462299823761,0.6560473654389491,-0.96314689205657,-0.1357957273721695,0.30436454929807966,-0.9282901154617986,-0.04966913163661957,0.4159979805759288,-1.2755624099507308,-0.0918060690164566,0.47838705560872563,-1.50164954862356,-0.12704314291477203,0.5285497117585923,-1.7036528973894884,-0.15289418399333954,0.1271918545896782,-0.991875952611647,-0.047245997935533524,0.1672287762277911,-1.4099269714427891,-0.08368221670389175,0.19544746242026803,-1.671096287009992,-0.11697892099618912,0.22119989796618458,-1.8925116563152125,-0.14150917530059814,-0.0441705284482909,-0.9555270595598706,-0.05402988940477371,-0.05240834202956837,-1.3332652734914592,-0.0959378033876419,-0.04443796564587358,-1.5866093431310324,-0.12983852624893188,-0.025399892972053924,-1.8099311373386933,-0.15286885201931,-0.21328000454432855,-0.833131215292416,-0.066826231777668,-0.32237194428613347,-1.0915228719043975,-0.11215066909790039,-0.39667270949404937,-1.274070229019956,-0.1374666839838028,-0.4547239570504813,-1.4590127222138654,-0.1525558978319168
fizalraja,0.0,0.0,9.53339053921809e-07,0.27599984864918536,-0.15305386058155993,-0.06482814997434616,0.485426713125136,-0.43234779681029184,-0.09063844382762909,0.5706489291789401,-0.7348622901395858,-0.11065460741519928,0.6740860756162073,-0.9607146262911532,-0.12938983738422394,0.30210126359466843,-0.9267420875077016,-0.049935366958379745,0.4160839409578121,-1.2781009919109356,-0.09206533432006836,0.47634314239303965,-1.505882805678047,-0.12546728551387787,0.5239536409456522,-1.7086853250848524,-0.14973407983779907,0.12200865567990213,-0.9925268170894537,-0.048050884157419205,0.16851803976569832,-1.4204326075959104,-0.08553027361631393,0.21123568819916066,-1.6887027954854619,-0.11708676069974899,0.24865933529690457,-1.9188791754574457,-0.139759823679924,-0.05125420671462388,-0.9568723446665142,-0.055018648505210876,-0.06555169295618879,-1.3287942696212107,-0.09802669286727905,-0.054637439008963326,-1.580222539538646,-0.1312355101108551,-0.033930329614370765,-1.8015661749605834,-0.1531752347946167,-0.22120630792315463,-0.8347923994724256,-0.06762490421533585,-0.33328005428027585,-1.0874784107267037,-0.11274011433124542,-0.4068202099387134,-1.2710888870256771,-0.13761518895626068,-0.46312990007948274,-1.4599946775427666,-0.15244455635547638
fizalraja,0.0,0.0,9.220079277838522e-07,0.27414619647649313,-0.13477891834490693,-0.06578954309225082,0.4971904805671516,-0.40048777813018044,-0.0929669439792633,0.5868401705453196,-0.6988881361674976,-0.11397361755371094,0.687289527461066,-0.9248451857254397,-0.13375280797481537,0.3149131562750996,-0.914904277833393,-0.0530925951898098,0.4276683352288919,-1.262497627799609,-0.0960993841290474,0.4866010138653307,-1.4910512381063243,-0.13019654154777527,0.5327774967563783,-1.68905992478737,-0.15458467602729797,0.1329073352377767,-0.9911262811470859,-0.052018649876117706,0.18610530701201303,-1.4202742542063844,-0.0883127972483635,0.22543613539041032,-1.6816737184699198,-0.11900947242975235,0.25862387156841865,-1.9059783642077401,-0.14075429737567902,-0.0422511517521295,-0.959873756604856,-0.059653956443071365,-0.04484390124893292,-1.3426680235565116,-0.10316193848848343,-0.03515556954674847,-1.5900755743703157,-0.13604645431041718,-0.01955579224694897,-1.8005440189104924,-0.15754012763500214,-0.213979382774244,-0.8365200673005008,-0.07281944900751114,-0.32378465270342005,-1.0974494233231864,-0.11984384059906006,-0.4032895974066486,-1.272310632659449,-0.1439809501171112,-0.46890375603232726,-1.4480452646717035,-0.1575099378824234
fizalraja,0.0,0.0,9.58329451350437e-07,0.2840266815659968,-0.1315808821059013,-0.06911055743694305,0.5093455985195858,-0.39234803335600543,-0.09885510802268982,0.6119576030034223,-0.6910937853383033,-0.12216833233833313,0.7189178956845931,-0.9228004253714059,-0.14426259696483612,0.3129259202665536,-0.9147336667766932,-0.05975687503814697,0.4399215329904945,-1.2712647124092662,-0.1049903929233551,0.5024937029848092,-1.5043036292040792,-0.1399695873260498,0.5475803034017307,-1.7066191852578199,-0.1642799824476242,0.129084780369184,-0.9916313526449531,-0.05755746364593506,0.19814498742835246,-1.4289496169735978,-0.0953916534781456,0.24255843335939328,-1.7006114413732643,-0.1267128586769104,0.2771972375673016,-1.9322754626474683,-0.1490374654531479,-0.04778293852775948,-0.9621334280709251,-0.06403293460607529,-0.041481823554001526,-1.3532948585853757,-0.10703615844249725,-0.02657126242007648,-1.6025216592252993,-0.1392606496810913,-0.0053781871489725006,-1.8132665922879037,-0.1606450080871582,-0.21750924150022632,-0.8391694977259156,-0.07637618482112885,-0.32591357912781466,-1.1067153812202521,-0.12215021252632141,-0.4002911453370376,-1.2877211662281407,-0.14561539888381958,-0.4590841801002892,-1.4653496267081192,-0.1588667333126068
fizalraja,0.0,0.0,8.25883205379796e-07,0.2743530379071651,-0.14438735921585263,-0.060577914118766785,0.5011182280513798,-0.40676384990941733,-0.08705989271402359,0.6102073637979,-0.6964547695311529,-0.10929609835147858,0.7216447750449804,-0.9228771409307498,-0.13126301765441895,0.30299301071447704,-0.9183285086509154,-0.05187297612428665,0.4214738666602368,-1.2776007106063327,-0.09478655457496643,0.4862410789375413,-1.5036889488801775,-0.12944740056991577,0.5357160747994625,-1.7055437183178355,-0.15429149568080902,0.12154385259872658,-0.9925838383368387,-0.054342884570360184,0.18324892362492226,-1.422020048691645,-0.09157764911651611,0.21879291062806422,-1.6936163896111398,-0.12505537271499634,0.2445957128729138,-1.9232148023092417,-0.14951066672801971,-0.05801532801190755,-0.9615647297619366,-0.0648646280169487,-0.05735528677826823,-1.3649568487478025,-0.10846845805644989,-0.053317461007928654,-1.6201577680557027,-0.14366665482521057,-0.03963925629825146,-1.8338507728065414,-0.1674949824810028,-0.23503093829779226,-0.8377903181183353,-0.08026248961687088,-0.34825456022460277,-1.1192786577236973,-0.12797604501247406,-0.42996465130260375,-1.2964915368380587,-0.15306317806243896,-0.49089755765162296,-1.462610248655389,-0.16748403012752533
fizalraja,0.0,0.0,9.954756023944356e-07,0.26920214530069836,-0.13363073620690538,-0.06903543323278427,0.49278067495328914,-0.3798641885410469,-0.10381340980529785,0.6168005678764344,-0.6620626496130128,-0.13316695392131805,0.7381159038996956,-0.8949836110089858,-0.1620149314403534,0.29919917240729604,-0.9189057728445849,-0.06711455434560776,0.44405629811311725,-1.2876194592709542,-0.11432135105133057,0.523689953925342,-1.5237808654157188,-0.15078222751617432,0.5856765863929893,-1.7242513525564,-0.17719466984272003,0.10665584401486462,-0.9942937432759612,-0.06744445115327835,0.1660288374787091,-1.4229243272880654,-0.11099311709403992,0.20885904920137205,-1.7032887319038164,-0.14772142469882965,0.24292039351257982,-1.9381945224903578,-0.17429739236831665,-0.07887872330405916,-0.9558464956089789,-0.07603850960731506,-0.07917251970888281,-1.3686758699330956,-0.12595915794372559,-0.07365825912848896,-1.6422520945869186,-0.16513735055923462,-0.060349509117712606,-1.8641741950321409,-0.19114720821380615,-0.2508942804520924,-0.8189073099374771,-0.08958642184734344,-0.3772597014488996,-1.0976991222008057,-0.1440104991197586,-0.46780143392034373,-1.2907102001217898,-0.17396549880504608,-0.5390537423175621,-1.4656650239624192,-0.19109946489334106
fizalraja,0.0,0.0,1.1659366236926871e-06,0.2747458005416471,-0.11229957019410017,-0.08299126476049423,0.4967514741117057,-0.35883288794760715,-0.1245185136795044,0.6161048645563906,-0.6382699287176385,-0.1577794998884201,0.7379396567530226,-0.8803598188221473,-0.19006022810935974,0.2934446963004487,-0.9079267331199505,-0.0883675217628479,0.4388057814922193,-1.2679909718131606,-0.14419779181480408,0.5262689484532587,-1.5111199548730958,-0.18512052297592163,0.5978386682614578,-1.719746683868756,-0.21384216845035553,0.09547117825331981,-0.9954298940692907,-0.08482436090707779,0.14875845847440938,-1.4385027474668746,-0.13276641070842743,0.1875358378410105,-1.720907465017255,-0.16858984529972076,0.2224727023447045,-1.9718556140356338,-0.1939849853515625,-0.09604071721640908,-0.95073231244814,-0.0905241146683693,-0.10576928899514615,-1.3597096083280098,-0.145639568567276,-0.10101839902994453,-1.6398382174998367,-0.18561342358589172,-0.08346690759079019,-1.8829987316563503,-0.21160465478897095,-0.27419332386025613,-0.7990729248393856,-0.10229845345020294,-0.42052852883874603,-1.0547573585098324,-0.16015712916851044,-0.5208107927870991,-1.2331050211580543,-0.19080843031406403,-0.5993522291463507,-1.4051671439760027,-0.20863915979862213
fizalraja,0.0,0.0,1.1609247394517297e-06,0.27438121782065605,-0.1072871642231148,-0.08189884573221207,0.5034580342466818,-0.3575087633083297,-0.12374787032604218,0.6255077501696072,-0.6385189122973424,-0.15696826577186584,0.7550168240278662,-0.8803767725903746,-0.18975085020065308,0.29902381203612427,-0.9089885394817716,-0.09440118074417114,0.45262729629324816,-1.282012059239408,-0.15114834904670715,0.5421969636588725,-1.533853091970966,-0.192378968000412,0.6133601087393217,-1.7576450945612154,-0.22154082357883453,0.095636841308262,-0.9954139336223609,-0.09118883311748505,0.1479302190429452,-1.4439997823344408,-0.142633855342865,0.18582402882262147,-1.7472990783099385,-0.18120414018630981,0.2145023334050956,-2.019753291832332,-0.208670511841774,-0.10069461538847023,-0.95164906467196,-0.09639859944581985,-0.12052893437376302,-1.3652182465407208,-0.15433478355407715,-0.1187211521844338,-1.6534320276386871,-0.19631075859069824,-0.10478811769325717,-1.9089869270159525,-0.22338834404945374,-0.2849422046879525,-0.803604451175901,-0.10720521211624146,-0.4378216105381808,-1.067339288594077,-0.16685456037521362,-0.544563564500813,-1.2469480953622634,-0.1986185908317566,-0.6286043765306848,-1.424796416974946,-0.21719256043434143
fizalraja,0.0,0.0,1.198008476421819e-06,0.2808190222598766,-0.10070747680070384,-0.08018070459365845,0.5182529791905307,-0.3510178672050283,-0.12188000231981277,0.6550551989443363,-0.6335993351688162,-0.15415525436401367,0.7957273926647451,-0.8738942413165904,-0.1861831545829773,0.3170529001573534,-0.9006225174529187,-0.09707056730985641,0.47464188060079704,-1.2711036547012664,-0.1530657559633255,0.5709280045525771,-1.522111254147655,-0.19228623807430267,0.6446205663089919,-1.7380957635508503,-0.21971958875656128,0.11248805695058188,-0.9936507217096923,-0.09389583766460419,0.17265474934258912,-1.4533112907635435,-0.14446929097175598,0.20665779542767196,-1.7610703253457747,-0.18108446896076202,0.22597439840932668,-2.0301765565113787,-0.20670533180236816,-0.08702154994389477,-0.9544167596507201,-0.09864669293165207,-0.09930503840649901,-1.379766860647155,-0.1563170701265335,-0.09495844879585592,-1.6781471538511041,-0.19872841238975525,-0.08388009909956823,-1.9416254985649324,-0.22601318359375,-0.27316736747934106,-0.8122198701138059,-0.10842020064592361,-0.42351571659822645,-1.0762262999398189,-0.16884897649288177,-0.5304326918149244,-1.2549437062821707,-0.20171228051185608,-0.6149145233957298,-1.4347150511104352,-0.2208402156829834
fizalraja,0.0,0.0,1.241471295543306e-06,0.2824668435973656,-0.09850022197719184,-0.08456740528345108,0.5269086798452177,-0.3396849211518969,-0.1285971850156784,0.671570367488617,-0.6128654265684549,-0.16321389377117157,0.8238581805265198,-0.8432679028097368,-0.19793283939361572,0.335144387687264,-0.8975593036358954,-0.09961976855993271,0.5008589391601982,-1.253921438348659,-0.15838269889354706,0.6053216039813647,-1.5004619267902668,-0.20084421336650848,0.6869666828882397,-1.7148980053697838,-0.23070304095745087,0.12823061915664308,-0.9917420285928275,-0.09563401341438293,0.18812797925031557,-1.4438467554674446,-0.14806801080703735,0.22507805364297198,-1.7512743195502198,-0.18711087107658386,0.2481984111835234,-2.0282885674588096,-0.21503089368343353,-0.07372346839098363,-0.9529230003981002,-0.10023815929889679,-0.08521942182545746,-1.3698715209843062,-0.15988893806934357,-0.0815967797888652,-1.6657533752136233,-0.20423194766044617,-0.07046681708482808,-1.932999542876428,-0.23315121233463287,-0.2641731362794279,-0.8123070578408709,-0.11049489676952362,-0.4131802178474547,-1.0724454134890793,-0.17244276404380798,-0.5229868053418748,-1.246460890102965,-0.20637564361095428,-0.611031933756762,-1.423796931080028,-0.22667460143566132
fizalraja,0.0,0.0,1.208303842759051e-06,0.2754237806221836,-0.1146833076598151,-0.08165200799703598,0.5026513096687077,-0.3609233023366688,-0.12299805134534836,0.635741890959359,-0.6339239421906329,-0.15542739629745483,0.7900393435968857,-0.8491950819696907,-0.18727530539035797,0.3040186449925611,-0.908219029903713,-0.09178932756185532,0.4655296581438221,-1.2607547928025713,-0.1464141607284546,0.5637077048016561,-1.5019321770900247,-0.1857224404811859,0.6406329161632861,-1.708953533692387,-0.2132277935743332,0.10112828138774983,-0.9948711078166287,-0.08761662989854813,0.15579473845592187,-1.4417148613093482,-0.13504448533058167,0.1911132879744752,-1.735606794067526,-0.17002660036087036,0.21682733809297897,-1.9993363426376618,-0.19474577903747559,-0.09298371362308648,-0.9553137737379397,-0.0919843316078186,-0.11059278734331028,-1.3630553582785077,-0.14614206552505493,-0.10699105769739446,-1.6459087570936444,-0.18566559255123138,-0.09103533028428923,-1.8986134659947278,-0.21109497547149658,-0.2732565939700263,-0.8145069436086697,-0.10219709575176239,-0.4251831067847362,-1.0764350172149275,-0.1589486002922058,-0.5294834769203632,-1.25228413861273,-0.18933327496051788,-0.6107560779259408,-1.427707042680991,-0.2067599594593048
fizalraja,0.0,0.0,1.2688096830970608e-06,0.27908985937336134,-0.123508700469759,-0.07554217427968979,0.4915015718583872,-0.372713830054768,-0.1150854229927063,0.6299093155312752,-0.6408305362689044,-0.1471492499113083,0.781876580978005,-0.86461638721745,-0.17875464260578156,0.2948162698144797,-0.9187225994667527,-0.08222918957471848,0.44986905820933126,-1.2729121682431326,-0.1336669623851776,0.5492315279722715,-1.5123426109401923,-0.1705523431301117,0.6269021937873689,-1.7076570310731265,-0.19597578048706055,0.09876467733319189,-0.9951085576859375,-0.07959289103746414,0.1486943837234062,-1.4389275892937374,-0.12315870076417923,0.1826059199774989,-1.7297550470722118,-0.1562410145998001,0.20476337347072027,-1.9811997707147313,-0.17999188601970673,-0.09110226630787327,-0.9482494311083406,-0.08548050373792648,-0.11293143988703375,-1.3429295363352816,-0.13682720065116882,-0.10662168416794769,-1.6207141831823972,-0.17607064545154572,-0.0902600899535321,-1.8623545346946875,-0.20160536468029022,-0.26756585399255295,-0.8051054505859273,-0.09665439277887344,-0.4183247022459337,-1.0615044602390975,-0.15253962576389313,-0.5179286075121117,-1.2354147485350409,-0.183458149433136,-0.5949195951952801,-1.4077605642542175,-0.20129947364330292
fizalraja,0.0,0.0,1.314635255766916e-06,0.2739557523400541,-0.12925692192268756,-0.07481897622346878,0.48929055315218095,-0.4012459003466693,-0.11188499629497528,0.6186825146782695,-0.6776784607971795,-0.14103174209594727,0.7720146606634537,-0.8830238367934886,-0.16991600394248962,0.2837935172935908,-0.9194570024079934,-0.08145934343338013,0.431098612056597,-1.2665586439252519,-0.13320541381835938,0.5190195218409153,-1.510238387337025,-0.1717992126941681,0.5814407994384011,-1.7156523868241007,-0.19933836162090302,0.09107875897154205,-0.9958415048429171,-0.08000390231609344,0.13634676079278604,-1.4366540089860849,-0.12628419697284698,0.1731411573463886,-1.718943327928138,-0.1605350822210312,0.19637985001954764,-1.9535408140136716,-0.18476265668869019,-0.09538769093198705,-0.9523926422944119,-0.08700080215930939,-0.1107842832520632,-1.3482369585050404,-0.14050476253032684,-0.0999680005569591,-1.6078494923544326,-0.1784629225730896,-0.08432009174420732,-1.8345679369646066,-0.20266377925872803,-0.2667252255754508,-0.8135094741815917,-0.09932887554168701,-0.41144002702283494,-1.0762378521108036,-0.15669497847557068,-0.5077640358203266,-1.2431142755484512,-0.18695200979709625,-0.5832701316042812,-1.4137304520027858,-0.20389530062675476
fizalraja,0.0,0.0,1.2090001746400958e-06,0.2782323672785634,-0.13110913819418296,-0.07790084183216095,0.5015819054848724,-0.40473203912165745,-0.11370778828859329,0.6323023214747413,-0.6895766820116919,-0.14141562581062317,0.7911629233686782,-0.8808540589181398,-0.1677686870098114,0.2886747947356266,-0.9154619425998911,-0.07595601677894592,0.4373381453206094,-1.2636679178765122,-0.12423557788133621,0.5234272163563731,-1.498387129156313,-0.15925337374210358,0.5866299129396068,-1.6917958361182985,-0.1841743290424347,0.09412932682180834,-0.9955578045738543,-0.0723528265953064,0.13874532408436965,-1.4325694567756115,-0.1149376630783081,0.17018461880939037,-1.7100187693549405,-0.14558136463165283,0.19013984212142818,-1.9444666231304688,-0.1668791025876999,-0.09402963131287181,-0.9558700929354623,-0.07808800041675568,-0.11992866733493433,-1.3450861317950116,-0.1280844658613205,-0.11669159414114641,-1.6046391332287488,-0.1652994155883789,-0.1047680499639963,-1.8312864260479331,-0.18920598924160004,-0.26960941510264136,-0.8179954601587648,-0.08992967754602432,-0.414166323151192,-1.05778946947949,-0.14343181252479553,-0.5112764876527137,-1.2164840841547966,-0.17251242697238922,-0.591024318150784,-1.3798086072745508,-0.18919382989406586
fizalraja,0.0,0.0,1.1791103133873548e-06,0.27201100661210764,-0.1339127566954212,-0.07419711351394653,0.4940142695675457,-0.4128574555865884,-0.10767243057489395,0.6293935511430373,-0.6942764674776092,-0.13440418243408203,0.7855366196043345,-0.8764553416102548,-0.16005980968475342,0.2813611900796294,-0.9244121379414072,-0.0709899291396141,0.41982786215739426,-1.2696903514642117,-0.11787569522857666,0.5033454562673868,-1.5008163483724504,-0.1528397500514984,0.5638802875172453,-1.6990217144363682,-0.1784224659204483,0.08761219707242235,-0.9961525036355933,-0.07028689980506897,0.1339668687003296,-1.416632971923106,-0.11208970844745636,0.15795812326423506,-1.692778493898427,-0.14322124421596527,0.1702398213995599,-1.934051003424435,-0.16556477546691895,-0.09995613040960989,-0.9468132287298665,-0.07889550924301147,-0.13182701394357987,-1.3281744912372762,-0.12873496115207672,-0.14000604988170134,-1.5882161270426258,-0.165409117937088,-0.13729699567852166,-1.8160657252044963,-0.18921111524105072,-0.2764721128701935,-0.7981698538850217,-0.09353633224964142,-0.4344221129374743,-1.0449716380875198,-0.14620697498321533,-0.5377219942697744,-1.2119474694037757,-0.17428523302078247,-0.6202445287339516,-1.3813886590145812,-0.19070075452327728
fizalraja,0.0,0.0,1.1205918326595565e-06,0.26809617641089856,-0.16124401233371868,-0.06717905402183533,0.48278617654912526,-0.45777325141654024,-0.09506342560052872,0.6128833388451274,-0.7459168099674761,-0.11691811680793762,0.761796931231591,-0.9222889479639593,-0.1375347375869751,0.25042799808648875,-0.9369180511407128,-0.06107983738183975,0.38754006768777205,-1.2815753292536856,-0.10095060616731644,0.4600539841969014,-1.5134878878164937,-0.13114018738269806,0.5090630697359491,-1.7093790877696615,-0.15374401211738586,0.05961831384904352,-0.9982190913788648,-0.06035655364394188,0.0952422623365381,-1.4235008117910797,-0.09571730345487595,0.11336926696264132,-1.7011666290719487,-0.12400413304567337,0.11722143334746095,-1.9333113254073477,-0.14449481666088104,-0.11798541728448492,-0.9468100307901881,-0.06799668073654175,-0.16013624524134598,-1.3163573375679036,-0.10975893586874008,-0.1762887325167427,-1.5710013832867196,-0.14488108456134796,-0.1867192256403307,-1.7907965552682816,-0.1688680648803711,-0.2828217953061373,-0.7967501740088275,-0.0813576728105545,-0.4564090813908683,-0.9999764403493859,-0.12713050842285156,-0.5704152046453947,-1.1452804538493682,-0.154127299785614,-0.6648723271584259,-1.2891688179999032,-0.1703907996416092
fizalraja,0.0,0.0,1.1925729950235109e-06,0.2756252959958767,-0.16941334374694322,-0.06651069968938828,0.4833899138823956,-0.47381195715417457,-0.09556860476732254,0.6048421026377853,-0.7586881838646232,-0.11802012473344803,0.7434020891394097,-0.9594111119861488,-0.13930557668209076,0.22680147006173648,-0.9402290312151518,-0.06805648654699326,0.3698201052903599,-1.291324918320938,-0.11054601520299911,0.4393673322410635,-1.5280555758905079,-0.14032451808452606,0.4864632649768614,-1.7218268952273952,-0.1615864634513855,0.02359624506325262,-0.9997193741629944,-0.06600172817707062,0.043881866907313494,-1.441819947827597,-0.10458523780107498,0.06326785647697902,-1.7199358488228034,-0.13136619329452515,0.07296310819269214,-1.9457591192481936,-0.14933504164218903,-0.15967121982903376,-0.9437595252948906,-0.07141149789094925,-0.21391302095089645,-1.3199178775167235,-0.1156107559800148,-0.22483319737006474,-1.5577487398267515,-0.14745508134365082,-0.22497728114583232,-1.7657054258021028,-0.16780610382556915,-0.31733226655396485,-0.790432669007107,-0.08197412639856339,-0.471682657350561,-0.9949323256383322,-0.12812861800193787,-0.5756773876189767,-1.1099478783595227,-0.15128082036972046,-0.66300281891481,-1.219048963808456,-0.1636478453874588
fizalraja,0.0,0.0,1.2483932323448244e-06,0.2740361413551913,-0.1873056320003119,-0.05742371827363968,0.474305712752305,-0.48838633090835404,-0.08279255777597427,0.5907560479283428,-0.7709235655555795,-0.10449408739805222,0.7176824679326769,-0.9693671976696326,-0.126698836684227,0.21562372400517638,-0.9594590589763906,-0.05320823937654495,0.33555386862617353,-1.3214549809308591,-0.09097854048013687,0.3895545884668881,-1.5575957836555439,-0.12067677825689316,0.41862535172659077,-1.7521262203407357,-0.1422460377216339,0.014165308426620869,-0.9998974664284583,-0.056046683341264725,0.01973040676370904,-1.4362844302315623,-0.08712179213762283,0.028213040658789316,-1.7096353771328587,-0.11377666890621185,0.0233039558461306,-1.9219550330210917,-0.13282448053359985,-0.16372586718939217,-0.9269997012669786,-0.06615696847438812,-0.2321717700791052,-1.2941094335662198,-0.10368724912405014,-0.24954068553516193,-1.5392093062377386,-0.13701412081718445,-0.2604563859839875,-1.7479246255235859,-0.16032932698726654,-0.31881529403412895,-0.7626789365672282,-0.08109287917613983,-0.46229313723119514,-0.9448930537643813,-0.12405811250209808,-0.5500723239433992,-1.0392340150989399,-0.1471308469772339,-0.6235259038422903,-1.121219967623247,-0.16001825034618378
fizalraja,0.0,0.0,1.4405818546947557e-06,0.30539293356583924,-0.20977023098022526,-0.0798637866973877,0.5101908438920756,-0.49454403932582647,-0.11701786518096924,0.6173790490423815,-0.7676166248501519,-0.14753079414367676,0.7290346796647492,-1.015553330842564,-0.1776389628648758,0.21843238840589682,-0.9665937980496341,-0.057760436087846756,0.3309229821811353,-1.3139103759464623,-0.10090683400630951,0.3901872304321634,-1.5668089169170631,-0.1355949342250824,0.42914118629171066,-1.7679442927972853,-0.15979507565498352,0.01745373710768217,-0.9998454587556168,-0.05314195901155472,0.01192940167831181,-1.448125971026805,-0.08635442703962326,0.020178364124573203,-1.7217169050529522,-0.11435235291719437,0.022780790152421536,-1.9446864915409523,-0.13430705666542053,-0.15811083451168084,-0.9257869771128371,-0.06027793511748314,-0.21334779188366984,-1.2918090114225418,-0.10401507467031479,-0.23160361724242154,-1.5467895195944799,-0.13937844336032867,-0.24520604476586244,-1.7693969875553168,-0.1626340001821518,-0.31814681272122164,-0.7762622294165413,-0.0746041014790535,-0.4629179221594624,-0.9874701190913866,-0.12410937994718552,-0.5524152094912972,-1.136076875547815,-0.1519857496023178,-0.6223135157472551,-1.28457231237688,-0.16828259825706482
fizalraja,0.0,0.0,1.5173285419223248e-06,0.30493055192009233,-0.18101441382162778,-0.10298606753349304,0.5179073704931962,-0.46294865242848726,-0.14909905195236206,0.6368664780503765,-0.733967378145466,-0.1836794763803482,0.7756722807925399,-0.9721142312012144,-0.21711298823356628,0.24669125560179672,-0.956211116850522,-0.08300654590129852,0.37539238656136703,-1.3196196351724043,-0.1320890188217163,0.43911099487318334,-1.5724463590892854,-0.17204077541828156,0.47982000406195,-1.7755619208953681,-0.1998218297958374,0.04546549856503588,-0.998963632715547,-0.06765777617692947,0.04311940079172583,-1.4703577897486402,-0.10645139217376709,0.057311492635299416,-1.7665969140130282,-0.14220425486564636,0.059752116234066135,-2.0105798301697755,-0.1682179868221283,-0.13927585604917614,-0.9258863915131965,-0.06492135673761368,-0.1942101377136864,-1.2976602928723204,-0.11432794481515884,-0.19775800815890587,-1.5520737898606358,-0.15904352068901062,-0.1944767690040656,-1.7750182194640394,-0.18904076516628265,-0.30820411445267876,-0.7816013445622564,-0.07088430970907211,-0.43442866200680985,-0.9792854504040563,-0.12534107267856598,-0.510920898610026,-1.1019118481791332,-0.15851090848445892,-0.5725542448433026,-1.2314918083441864,-0.17955030500888824
fizalraja,0.0,0.0,1.6163864984264364e-06,0.32262018067627707,-0.17943284675710752,-0.10104645788669586,0.5441108280005604,-0.4429841707982984,-0.14818434417247772,0.6692723728345726,-0.712581161575528,-0.1867983341217041,0.8022092460694652,-0.9606151784558948,-0.224317267537117,0.2821668607808582,-0.9591673109850046,-0.06203034892678261,0.4188127345340478,-1.3189068061796132,-0.10703432559967041,0.4882208016165607,-1.5857711807927033,-0.14663906395435333,0.5353314494242938,-1.7956281448510272,-0.1744692474603653,0.07406431381899505,-0.9972511628597892,-0.04911436140537262,0.09064343382898371,-1.4616311484717341,-0.08199148625135422,0.10764493697099956,-1.752324149692958,-0.11573103070259094,0.11594797036789181,-2.002853911263132,-0.1416710764169693,-0.11793515015335398,-0.9394533589668489,-0.05084100365638733,-0.1568543009659927,-1.3148997132855518,-0.09266921132802963,-0.15525247388476204,-1.5806520451488058,-0.13201658427715302,-0.1512318904788639,-1.8086579933724616,-0.15978728234767914,-0.2994015374904085,-0.8204833427481262,-0.06272175163030624,-0.42010032513715106,-1.0710684359607576,-0.10843421518802643,-0.49637372738936025,-1.2426236455622428,-0.1379968225955963,-0.5546356870651928,-1.4104806744468026,-0.15841197967529297
fizalraja,0.0,0.0,1.1540864761627745e-06,0.28823595890159853,-0.1923728285496018,-0.07387861609458923,0.5033306671325715,-0.46454698511421844,-0.1013745665550232,0.6062966290104399,-0.7513005388658789,-0.12248484045267105,0.7127190472744414,-0.9868923827872685,-0.14155957102775574,0.24630637824018786,-0.9610114887061805,-0.03337531536817551,0.3544429349982705,-1.3129494440415097,-0.06862436234951019,0.4079720389055372,-1.5413891100258343,-0.10271192342042923,0.4482407232533647,-1.7412607750511337,-0.12796691060066223,0.04921083842143901,-0.998786231404097,-0.025239963084459305,0.056841222040659535,-1.4094794002394995,-0.054299246519804,0.06650117160866745,-1.6658733536583776,-0.08743548393249512,0.07255532696719431,-1.8778720290933935,-0.1119437962770462,-0.1289899930161611,-0.9379044472995485,-0.028098829090595245,-0.16593305389700608,-1.2942768919049632,-0.06410248577594757,-0.17057895358136158,-1.5407794870591327,-0.09651430696249008,-0.1694623936338818,-1.7540461704733494,-0.11838037520647049,-0.29526623172416966,-0.8031749147609617,-0.03812360763549805,-0.3915228997054325,-1.0463033841203047,-0.0763246938586235,-0.4466896551694308,-1.2157219503495083,-0.09807562828063965,-0.48815817153362673,-1.3816837355451368,-0.1107955351471901
fizalraja,0.0,0.0,1.0523174296395155e-06,0.27020170117130826,-0.19190621545108297,-0.06622690707445145,0.4818347478667847,-0.47718022374908337,-0.09094326943159103,0.5793864802101227,-0.7681015011014406,-0.11025568842887878,0.6619824658614233,-1.0106980331811146,-0.12687890231609344,0.22642106935712003,-0.9576926747948856,-0.029589589685201645,0.3284323398966034,-1.3044092163953054,-0.06372813135385513,0.3725020111568568,-1.5271487575502238,-0.0965021476149559,0.4036968422174511,-1.7238435558838041,-0.12076690793037415,0.039107341371407874,-0.9992328863535239,-0.024352535605430603,0.03719907238980736,-1.396076691430417,-0.05316339060664177,0.04405179253163085,-1.6403053865939918,-0.08398501574993134,0.048756148850386635,-1.838735816398395,-0.10625141859054565,-0.12876891181471048,-0.9412436104646337,-0.02893265150487423,-0.17643426801987844,-1.2877278553924536,-0.06262946128845215,-0.18690521171663535,-1.5229283631993422,-0.08927880972623825,-0.18733842218712526,-1.7257440266965374,-0.10682051628828049,-0.28197592176498104,-0.802425743668457,-0.0401829332113266,-0.39038365616780396,-1.0420447066355072,-0.07460521906614304,-0.4495696973788372,-1.2180024621577707,-0.09161363542079926,-0.49313857403841743,-1.3873913382050311,-0.10049990564584732
fizalraja,0.0,0.0,8.590009770159668e-07,0.27671308264813826,-0.2068866017576668,-0.060076598078012466,0.48839196346625646,-0.539202518328529,-0.0743732750415802,0.5692684149117416,-0.8635495829725874,-0.0835360661149025,0.6306311365004421,-1.128948989055146,-0.09051164984703064,0.2048535165971254,-0.9918441340709522,-0.01067450549453497,0.27026226206285026,-1.365607980096006,-0.03296530246734619,0.2939038567027943,-1.5913436077878036,-0.05739415064454079,0.3115452867576887,-1.7830746769001606,-0.0760001465678215,0.014608794841978247,-0.9998911258798225,-0.004123628605157137,-0.023772675257595306,-1.4135238192118353,-0.021800873801112175,-0.04966558674683431,-1.6715981584585542,-0.047925401479005814,-0.07096337111859558,-1.8829359657716715,-0.06761499494314194,-0.14138224113970965,-0.9301823697375388,-0.007611055392771959,-0.18457872746064072,-1.296012764935572,-0.03209129720926285,-0.19488073714287432,-1.5501559729654715,-0.05856448411941528,-0.2046605806033077,-1.7664211628089395,-0.07694336771965027,-0.2754628767178903,-0.7914443654718981,-0.01763853430747986,-0.3577971454524422,-1.0315863741719598,-0.044860802590847015,-0.3988888111115442,-1.2009794780524752,-0.06077922135591507,-0.42986464469045355,-1.3527165086959132,-0.06970508396625519
fizalraja,0.0,0.0,1.151019318967883e-06,0.29360257915164695,-0.2345798631131063,-0.06695149093866348,0.487560173355589,-0.543469166897946,-0.08040285110473633,0.538470967642861,-0.8674467438853889,-0.08881533890962601,0.5778306228750865,-1.1659822443962682,-0.09343048930168152,0.16882215815794724,-1.0122960752632733,0.02165016159415245,0.2090792684821896,-1.4016603666871108,0.018065622076392174,0.22222371837184454,-1.6510270317863394,0.004984630271792412,0.2360147507903181,-1.8506386195787774,-0.00705260643735528,-0.013069893917234388,-0.9999123613802099,0.03328285738825798,-0.07819219973943789,-1.4350637618506534,0.03354954347014427,-0.11006000695901945,-1.7229447168628218,0.01633109524846077,-0.13558941333127822,-1.9422699641148577,0.0021086910273879766,-0.1512979259524448,-0.9085613473004307,0.030907228589057922,-0.2375201849854336,-1.2935685214240364,0.014324478805065155,-0.2710309076132741,-1.545341455681147,-0.010645120404660702,-0.3031280158680335,-1.7733593991416137,-0.028186509385704994,-0.2621905574434629,-0.7727313666981421,0.020431483164429665,-0.37590067570024704,-1.0453864016146253,-0.00898967869579792,-0.43365163252923206,-1.2142730424047194,-0.030510880053043365,-0.4733319778508291,-1.3830842656867115,-0.04388989880681038
fizalraja,0.0,0.0,9.70956648416177e-07,0.2692640762490275,-0.1970592192893783,-0.06774654984474182,0.4679405396190496,-0.5247508002534017,-0.08887585252523422,0.5485080716931462,-0.8272169275205243,-0.1035962700843811,0.5946430895835653,-1.0815899065795944,-0.11682570725679398,0.18087958746443977,-0.9946761248986586,-0.037404127418994904,0.22871858909865575,-1.3698380159883745,-0.07031969726085663,0.24641910535633604,-1.6011614476684444,-0.10020366311073303,0.25967068228834017,-1.7983408368669807,-0.1210748478770256,-0.0011245314730543002,-0.9999972229081158,-0.029375264421105385,-0.040731526788991286,-1.4237216918935744,-0.05576099455356598,-0.06983186879472124,-1.6887327760810344,-0.08464239537715912,-0.09289352904488402,-1.8991142360442117,-0.10506482422351837,-0.15051862795555038,-0.9192370354583795,-0.030662167817354202,-0.21571951279625376,-1.274034920958122,-0.059109702706336975,-0.2418026632397296,-1.502361711408807,-0.0849403515458107,-0.25515633665439486,-1.6962552206338415,-0.10218214243650436,-0.28052958975153536,-0.7672010067190497,-0.0392417386174202,-0.35290370730663706,-1.0142056527417918,-0.06671255826950073,-0.39182744400477154,-1.1770432304699994,-0.08116229623556137,-0.41456474138045396,-1.3280521260868492,-0.08923245966434479
fizalraja,0.0,0.0,9.594269840818015e-07,0.23748330551613622,-0.18669052962258872,-0.060217052698135376,0.4239845070203103,-0.47561319275578123,-0.08817806094884872,0.5244624987842421,-0.7602150839381452,-0.11346003413200378,0.5890951664469415,-0.9911642651087822,-0.13895252346992493,0.17830056042979534,-0.9582039379009911,-0.054022133350372314,0.2667856670135907,-1.33569901698369,-0.09809446334838867,0.30369170836910886,-1.568621591836729,-0.13196292519569397,0.32964115032767705,-1.761394737067604,-0.1548423171043396,-0.004373233326754719,-0.9999883190438961,-0.056076157838106155,-0.018943165229733487,-1.4192218203264502,-0.09118039906024933,-0.030557836085954616,-1.672948708211484,-0.1203765943646431,-0.04056173437086879,-1.8744172475891003,-0.14064115285873413,-0.1638099992426808,-0.9383432352010881,-0.06605225801467896,-0.2358301408702993,-1.3036954312345765,-0.10268498957157135,-0.2749416433184535,-1.5395274975825721,-0.1328975111246109,-0.29538005245770704,-1.735333238620144,-0.15417635440826416,-0.303830106024192,-0.7862554968265685,-0.08187909424304962,-0.4407679175787923,-0.9746025685722649,-0.1211528480052948,-0.5088260731938883,-1.1033508657883553,-0.14189256727695465,-0.5539559876169752,-1.217652777326121,-0.1534920334815979
fizalraja,0.0,0.0,8.291407880278712e-07,0.25671165038954946,-0.17354300422566696,-0.04990215227007866,0.44993318857560505,-0.45786445760498273,-0.07499892264604568,0.5600458394630161,-0.7176124619735248,-0.0993136614561081,0.6776695157234544,-0.9079682305777217,-0.12345653027296066,0.2958161012890933,-0.932490854371798,-0.03471981734037399,0.40317447211393326,-1.2776153233435616,-0.07631214708089828,0.45596388424045325,-1.490619279335536,-0.11123353242874146,0.4984037852576305,-1.6750263245364938,-0.13614679872989655,0.13347993662021915,-0.9910494718558823,-0.042605504393577576,0.1699953195927034,-1.3869221349876117,-0.0752684697508812,0.1932083791632052,-1.6145516205279142,-0.10438314080238342,0.21401714038896416,-1.8054041724259586,-0.1266917884349823,-0.03030577288686282,-0.9595484613017691,-0.0592593178153038,-0.04409244490972389,-1.329870587794838,-0.09425891190767288,-0.04259503261683553,-1.5519380320437348,-0.12040260434150696,-0.02567186524384056,-1.736167551161193,-0.13959576189517975,-0.20055198916983066,-0.8457928134094642,-0.08158206194639206,-0.31823340215208723,-1.1176320281778316,-0.1150437742471695,-0.37820468299290416,-1.2899422492673813,-0.12984664738178253,-0.41666737498790835,-1.4546729335575959,-0.1397377997636795
fizalraja,0.0,0.0,8.87197586507682e-07,0.28727665913733724,-0.13401123619040006,-0.05594423785805702,0.5263633767247795,-0.37913314169907636,-0.08559266477823257,0.6865593203794103,-0.636841252131656,-0.11641877889633179,0.8450704032308736,-0.8245101811404898,-0.14607268571853638,0.3856628867637711,-0.8981786018138602,-0.022068187594413757,0.524055278967853,-1.2129958849023805,-0.057910386472940445,0.6044648076142567,-1.413812844628811,-0.08734028786420822,0.6691649175797619,-1.5775128622168684,-0.10873787850141525,0.2121111256350965,-0.9772434356913157,-0.024950234219431877,0.2556838234886877,-1.3348164508996214,-0.05100863054394722,0.2826634231974634,-1.5355387042587219,-0.07162629067897797,0.30942068491106156,-1.713237876714523,-0.08715355396270752,0.04022098032229548,-0.9687237470724444,-0.038576580584049225,0.03583939270407501,-1.3292521435300155,-0.06884199380874634,0.03859913378176565,-1.5456273986910383,-0.08764292299747467,0.05171430089663636,-1.7294038096816928,-0.1017964780330658,-0.127425259220103,-0.8677582507232519,-0.059145502746105194,-0.24034348834609565,-1.1193858547580429,-0.09268493205308914,-0.3139467367341353,-1.2742922381607915,-0.10586374253034592,-0.3739718913107449,-1.4192789311369864,-0.11286008358001709
fizalraja,0.0,0.0,1.1453673778305529e-06,0.29585827343823234,-0.07602659466435065,-0.07642333954572678,0.5531250630476457,-0.27769077853301133,-0.11246778815984726,0.6953769040353247,-0.5381514373955493,-0.143142431974411,0.8416806424969122,-0.7470351865942916,-0.17310146987438202,0.36942801443277634,-0.8733943946847419,-0.0630989670753479,0.5281262291810893,-1.1956650943668068,-0.11298207193613052,0.6344311041389517,-1.4063411406698958,-0.15266269445419312,0.7209602721596419,-1.5877972945516867,-0.1791534721851349,0.18966981912043232,-0.9818456232526623,-0.059583455324172974,0.25052999177109836,-1.4225267835191142,-0.099934421479702,0.2971297164841099,-1.7011972782041116,-0.1327572464942932,0.3334301312552758,-1.9398363602273152,-0.15591216087341309,0.0036263273615693573,-0.9765255241428084,-0.06599900871515274,0.02508317805416543,-1.367754383897228,-0.11201760172843933,0.03648497254917648,-1.6238313059440557,-0.14503496885299683,0.05059199375004356,-1.8432760414072895,-0.16604439914226532,-0.18672709160767426,-0.8746400415099096,-0.07914850860834122,-0.3064061590042481,-1.150185749490961,-0.12658651173114777,-0.3862310783446917,-1.3321410805022997,-0.1492462307214737,-0.452650606675827,-1.5016852554716373,-0.1610063910484314
fizalraja,0.0,0.0,1.0500320968276355e-06,0.30611715256877464,-0.06233881629717316,-0.06328201293945312,0.5711146573916727,-0.273713044142709,-0.09471268951892853,0.7300213196124432,-0.5277421022604896,-0.1208094134926796,0.8883028273995008,-0.7157899343422591,-0.1468934714794159,0.4162466333575666,-0.8517566992169933,-0.06445980072021484,0.5936158925475161,-1.1795162766462708,-0.11255843937397003,0.7047281063760747,-1.392200139514961,-0.1489541232585907,0.794786021607753,-1.5693400673011038,-0.1738296002149582,0.23015210481770934,-0.9731523386040004,-0.06522955000400543,0.3295630114798393,-1.3918606695760318,-0.10632631182670593,0.40630281287735426,-1.6532172511924679,-0.1375163048505783,0.46749510729479976,-1.8684903156116817,-0.15942202508449554,0.03924256277305514,-0.9822002530491285,-0.07398594915866852,0.0751479955015564,-1.3982338392893694,-0.12102371454238892,0.1070987115529772,-1.6625860539218267,-0.15446628630161285,0.1455005726978162,-1.8832733395326258,-0.17590369284152985,-0.14850694928873576,-0.891696107826071,-0.08756926655769348,-0.2631200144321558,-1.1932112940073745,-0.13854406774044037,-0.33768116749350513,-1.3931941566868538,-0.16441240906715393,-0.3901444762301032,-1.5812814494462375,-0.17817024886608124
fizalraja,0.0,0.0,1.1699884225890855e-06,0.31649696992635584,-0.05344547647011204,-0.07456664741039276,0.5776843459421901,-0.255527370519763,-0.10927046835422516,0.729309199637962,-0.5133697024270206,-0.13635431230068207,0.8728102228827341,-0.7233817713761079,-0.16240058839321136,0.43421628534449264,-0.8468120647707721,-0.07020987570285797,0.6248153488751202,-1.1882751163795158,-0.11560177803039551,0.7396253119472231,-1.4175555804244127,-0.14875133335590363,0.8303849036475053,-1.5997236494823088,-0.17211759090423584,0.251030627472067,-0.9679768407485535,-0.06416153907775879,0.3524189449732212,-1.3892168749993032,-0.1052355021238327,0.4212764526592112,-1.6595906616356457,-0.13784761726856232,0.4788403992190581,-1.8807197155953979,-0.16137118637561798,0.06226484535716623,-0.9869573443380584,-0.06661505997180939,0.10889848447818813,-1.39557740320266,-0.11477421969175339,0.1419044614840449,-1.630477267547333,-0.14958810806274414,0.18097250853194366,-1.8219762910914374,-0.1721845269203186,-0.12602709870603684,-0.9137621915420672,-0.07473538815975189,-0.23525122223798636,-1.206509640708108,-0.12942099571228027,-0.3103022518126184,-1.4114861336609488,-0.16081994771957397,-0.3613423189866298,-1.6077484590781854,-0.17847822606563568
fizalraja,0.0,0.0,1.088933913706569e-06,0.3119874143791343,-0.04346666136860805,-0.07962551712989807,0.5746630416447042,-0.2533878891762672,-0.11383015662431717,0.7144570245774143,-0.5174390171964431,-0.1408919394016266,0.8688413134404166,-0.7149086981436329,-0.16709136962890625,0.432520329995062,-0.8484708552334074,-0.06475403904914856,0.6077544935824838,-1.1767469152624872,-0.11239980161190033,0.72028461468341,-1.3927476444074822,-0.1496848464012146,0.8154399274226379,-1.5719801299724379,-0.1773371547460556,0.24933859606906744,-0.9684141022735331,-0.05986073240637779,0.3406559594094668,-1.373964815841314,-0.10299254208803177,0.4054162518585851,-1.6267741597948515,-0.138992041349411,0.4644400348339222,-1.8395643620857764,-0.1650489866733551,0.058913334622479406,-0.9783050532567903,-0.06519612669944763,0.10606012463926871,-1.398577328321115,-0.11794416606426239,0.1360176699961991,-1.663044796903633,-0.1571941375732422,0.17676512955908358,-1.890667859653312,-0.18299457430839539,-0.13113124642308596,-0.8904132900736856,-0.07675592601299286,-0.23240695518006213,-1.1809448032804335,-0.13673874735832214,-0.3059327770074892,-1.37713111100905,-0.16989649832248688,-0.3595832607025957,-1.568012364500108,-0.18879848718643188
fizalraja,0.0,0.0,1.0964810144287185e-06,0.3085328387603545,-0.04639306590912473,-0.08011629432439804,0.5726778682900263,-0.2513224854215614,-0.1145208328962326,0.7209190100638628,-0.5113828813468488,-0.14192059636116028,0.8655563296817584,-0.7164804619792684,-0.16833153367042542,0.43689190325449134,-0.8427606022889399,-0.06424377858638763,0.606393784782472,-1.1703001103447754,-0.11232978850603104,0.7117438806481812,-1.390287387991372,-0.15072615444660187,0.8012654877087322,-1.570036878816402,-0.1787952482700348,0.2525144890528247,-0.9675908703575898,-0.059516213834285736,0.33617361140664914,-1.3837373183359771,-0.10289698094129562,0.404858632799536,-1.648131096968516,-0.13982540369033813,0.4676234772860715,-1.8687182570719745,-0.16605901718139648,0.06244766674330624,-0.9780214518886514,-0.06495991349220276,0.10545629608071387,-1.3901505953880013,-0.1170501634478569,0.14239948317504647,-1.649207457491114,-0.15603093802928925,0.18753030584663813,-1.8693724685060618,-0.18119081854820251,-0.1257572239038786,-0.889418004543207,-0.07681187242269516,-0.22634551427050328,-1.1687420328907803,-0.13549289107322693,-0.29580795745654176,-1.3613264858758578,-0.16738276183605194,-0.34869158985552906,-1.5470903885117835,-0.1850462257862091
fizalraja,0.0,0.0,9.9227941063873e-07,0.3001016708936865,-0.07134669625788471,-0.08533933013677597,0.557297379479242,-0.2718740402337554,-0.12291858345270157,0.6953689971783298,-0.5313641090564518,-0.15400826930999756,0.8261785110398138,-0.7467213809685076,-0.18284915387630463,0.39741896953754186,-0.8589379568551508,-0.05919468775391579,0.5608484528519243,-1.162413439108848,-0.10960443317890167,0.664500778247732,-1.3575398007552961,-0.15150034427642822,0.7530733237662762,-1.5152552576740022,-0.18001887202262878,0.2146538625433074,-0.9766879592843408,-0.0503038614988327,0.2886227403400128,-1.3611183221946574,-0.08773148059844971,0.3414090992784038,-1.580861581280945,-0.11814940720796585,0.3866986037357184,-1.7516253694867217,-0.14016640186309814,0.03410035030534312,-0.9786808120688497,-0.05340875685214996,0.06150790921158648,-1.3425837154122864,-0.09654957056045532,0.08006772803159158,-1.562722848858135,-0.12208016216754913,0.10118841582588811,-1.7339005940931382,-0.1384163796901703,-0.14938793385064328,-0.8811738074245957,-0.06498337537050247,-0.2545481205717924,-1.1610679977483167,-0.11047878861427307,-0.3160982226792653,-1.3574360684513542,-0.13077811896800995,-0.3631996884119966,-1.532534058694937,-0.14098162949085236
fizalraja,0.0,0.0,9.936112519426388e-07,0.2995938976761528,-0.10397773675462084,-0.07862679660320282,0.5284676702475001,-0.34582925026557054,-0.11134932190179825,0.65766533943787,-0.6203826558115093,-0.13691991567611694,0.7969897001981331,-0.8275889465689876,-0.1611335724592209,0.3628704961270426,-0.8975279480282803,-0.06325381249189377,0.5159076279062379,-1.2443141266960167,-0.10479002445936203,0.6017347570262382,-1.4573288559977127,-0.13992628455162048,0.6705775106565641,-1.6563213381818929,-0.16681228578090668,0.17335933066567777,-0.9848564289955319,-0.056130606681108475,0.2312210387388307,-1.3534179224537992,-0.0928400456905365,0.2691952556989681,-1.5828095659792902,-0.12607228755950928,0.2988875624647849,-1.7774917803612322,-0.15171176195144653,-0.014005173021873435,-0.9683659038691733,-0.05867874249815941,-0.012685988141818606,-1.3066145802720783,-0.10130269825458527,0.012273093661643964,-1.5232051315813246,-0.1330040544271469,0.03696768928393806,-1.7070273771679687,-0.15491199493408203,-0.19534011888855987,-0.8609988617487542,-0.06845249980688095,-0.32148431654110987,-1.1321793868193795,-0.11545412987470627,-0.400114941569626,-1.3223805275221432,-0.14075562357902527,-0.462070277683957,-1.5064814119623895,-0.15551428496837616
fizalraja,0.0,0.0,1.2085381513315951e-06,0.28742526670133484,-0.11110478359235958,-0.08393584191799164,0.5064272968416229,-0.369611830643067,-0.12167854607105255,0.6297309793266906,-0.6493953118430907,-0.15039882063865662,0.782419923248168,-0.8627513041960022,-0.17822961509227753,0.337301582752961,-0.8966506569174008,-0.07346484810113907,0.4701860170245462,-1.2344697323046498,-0.12172646075487137,0.5544637395678477,-1.4615409267090065,-0.16133365035057068,0.6230156548615746,-1.6672212197379876,-0.191005676984787,0.15351695797544115,-0.9881438197633738,-0.06794177740812302,0.20202612709009676,-1.4236178442788117,-0.10912640392780304,0.24107456705142763,-1.7044987121810304,-0.14486613869667053,0.2734450200514021,-1.9488469643804356,-0.1712750643491745,-0.031260405137334975,-0.9615544138636786,-0.07235775142908096,-0.02963667590809226,-1.3565668578775678,-0.12158626317977905,-0.026790692511659,-1.6336082288750087,-0.15947198867797852,-0.01733739210043175,-1.8817382275841033,-0.18486711382865906,-0.21430809869878223,-0.8345422387257785,-0.0835314691066742,-0.3404042776371811,-1.1033443595639967,-0.1377301961183548,-0.42317913335527846,-1.2949341052723367,-0.1670650690793991,-0.49077416206908925,-1.4890669354928037,-0.18426838517189026
